Game Title,Genre,Platform,Release Year,Developer,Revenue (Millions $),Players (Millions),Peak Concurrent Players,Metacritic Score,Esports Popularity,Trending Status
Neon Speed 5,Strategy,Xbox,2011,Capcom,52.28,77.99,21.44,69,No,Stable
Cyber Quest 5,Shooter,Mobile,2018,Bandai Namco,4345.97,65.28,11.22,72,No,Stable
Fantasy Rivals 1,Strategy,Xbox,2018,Microsoft,1278.29,160.09,48.4,51,Yes,Declining
Warzone Chronicles 5,Horror,Xbox,2002,Microsoft,361.26,98.14,32.96,91,No,Declining
Cyber Quest 4,RPG,PC,2018,EA,4549.27,199.47,58.39,74,No,Stable
Warzone Chronicles 3,Sports,Mobile,2022,Microsoft,763.43,189.18,50.51,78,Yes,Stable
Neon Speed 4,Strategy,Cross-Platform,2008,Sony,1415.65,110.52,30.57,78,No,Declining
Cyber Quest 3,Action,Mobile,2002,Ubisoft,1473.01,57.48,15.39,82,No,Declining
Warzone Chronicles 1,Adventure,Xbox,2003,Activision,752.25,192.7,71.06,92,Yes,Rising
Neon Speed 5,Sports,Mobile,2013,EA,4131.18,126.9,24.95,61,Yes,Rising
Warzone Chronicles 3,Racing,Xbox,2007,Activision,4494,13.07,6.35,74,No,Declining
Cyber Quest 4,RPG,Nintendo Switch,2003,Rockstar,2825.97,66.72,27.69,70,No,Rising
Zombie Outbreak 4,Fighting,Mobile,2020,Activision,3207.35,0.59,0.2,85,Yes,Declining
Cyber Quest 1,Fighting,Mobile,2008,Activision,2370.04,116.71,53.21,66,No,Rising
Galaxy Raiders 1,Adventure,Xbox,2020,Microsoft,3127.28,101.18,44.19,74,Yes,Stable
Legends of Valor 2,Horror,Nintendo Switch,2003,Bandai Namco,3785.82,109.04,23.82,73,Yes,Rising
Shadow Realms 3,Horror,Cross-Platform,2005,Activision,4202.32,74.33,13.35,68,No,Rising
Zombie Outbreak 2,Strategy,Nintendo Switch,2014,Square Enix,2695.1,83.83,32,57,No,Declining
Galaxy Raiders 5,Fighting,Nintendo Switch,2017,Microsoft,1168.43,81.65,15.1,60,No,Rising
Warzone Chronicles 1,Fighting,Nintendo Switch,2016,EA,1746.46,195.35,50.85,52,Yes,Stable
Shadow Realms 5,Shooter,PC,2018,Square Enix,347.64,24.35,10.88,62,Yes,Declining
Neon Speed 4,Sports,Cross-Platform,2022,Microsoft,573.79,115.5,26.27,61,Yes,Rising
Fantasy Rivals 1,Horror,Xbox,2005,Ubisoft,2906.52,169.54,66.35,82,No,Declining
Shadow Realms 5,Adventure,Xbox,2013,Nintendo,4286.59,179.21,85.88,98,No,Rising
Cyber Quest 2,Action,Mobile,2009,Nintendo,102.35,64.93,18.03,78,No,Stable
Neon Speed 3,Fighting,Xbox,2021,Ubisoft,3284.27,181.03,38.48,85,No,Rising
Shadow Realms 4,Fighting,Cross-Platform,2009,Activision,4174.98,58.98,20.77,91,Yes,Rising
Shadow Realms 2,Action,Xbox,2001,Microsoft,990.43,182.23,70.57,96,Yes,Stable
Neon Speed 1,Adventure,Cross-Platform,2016,Sony,1702.56,195.63,77.19,88,Yes,Declining
Fantasy Rivals 3,Sports,Mobile,2010,Sony,2937.52,11.52,2.93,99,Yes,Rising
Legends of Valor 1,Horror,Mobile,2009,Sony,1332.57,145.33,31.28,71,No,Stable
Pixel Odyssey 1,Simulation,PC,2019,EA,2091.78,148.14,30.09,57,Yes,Rising
Battle Warriors 2,Fighting,Xbox,2010,EA,2052.01,142.45,24.83,76,No,Stable
Neon Speed 5,Simulation,PlayStation,2001,Microsoft,4238.1,46,13.87,75,No,Declining
Warzone Chronicles 4,Action,Mobile,2000,Microsoft,226.81,103.5,30.23,88,No,Declining
Galaxy Raiders 4,Horror,PlayStation,2013,Rockstar,2544.65,70.28,8.18,88,No,Declining
Neon Speed 3,RPG,Mobile,2006,EA,1518.43,32.16,15.06,54,Yes,Stable
Cyber Quest 1,Racing,PlayStation,2006,Rockstar,3000.96,98.26,20.23,51,No,Declining
Shadow Realms 4,Shooter,Mobile,2001,Nintendo,4488.54,59.39,23.67,54,No,Declining
Shadow Realms 3,Shooter,Mobile,2019,Sony,213.3,166.57,76.67,54,No,Stable
Galaxy Raiders 3,Simulation,Nintendo Switch,2006,EA,2588.84,24.75,10.77,83,No,Stable
Pixel Odyssey 1,Adventure,Cross-Platform,2014,Activision,4828.5,156.16,76.11,66,Yes,Declining
Warzone Chronicles 3,Strategy,PC,2019,EA,1291.37,58.03,18.59,71,No,Rising
Cyber Quest 2,Horror,Mobile,2006,Bandai Namco,2931.42,196.83,60.02,81,No,Stable
Battle Warriors 5,Fighting,Xbox,2008,Microsoft,3605.94,117.48,49.94,91,Yes,Rising
Neon Speed 4,Horror,PlayStation,2006,Rockstar,2366.87,149.76,50.2,81,No,Rising
Shadow Realms 3,Simulation,Cross-Platform,2011,Nintendo,3285.65,130.77,27.03,56,No,Stable
Zombie Outbreak 3,Adventure,PlayStation,2011,Ubisoft,1439.6,8.9,2.15,64,Yes,Rising
Warzone Chronicles 3,Horror,Nintendo Switch,2020,Bandai Namco,4742.07,64.93,9.51,93,Yes,Rising
Battle Warriors 1,Fighting,Nintendo Switch,2008,Microsoft,3672.08,81.16,18.11,100,Yes,Rising
Fantasy Rivals 2,Strategy,PlayStation,2023,Activision,2327.11,26.32,7.39,51,Yes,Stable
Cyber Quest 2,Strategy,Mobile,2019,Activision,915.23,181.32,48.06,93,Yes,Rising
Battle Warriors 5,Racing,Xbox,2020,Nintendo,259.53,152.35,37.37,60,No,Declining
Fantasy Rivals 4,Simulation,Xbox,2005,Bandai Namco,1434,101.49,42.66,87,Yes,Declining
Neon Speed 1,Action,Xbox,2015,Capcom,1312.6,65.18,17.81,70,Yes,Rising
Zombie Outbreak 3,Fighting,Nintendo Switch,2004,Square Enix,4025.12,17.81,6.6,60,Yes,Rising
Fantasy Rivals 4,Sports,PC,2016,Ubisoft,3750.07,181.37,79.27,77,No,Stable
Legends of Valor 5,Horror,PC,2014,Ubisoft,2973.08,199.85,77.97,61,Yes,Stable
Neon Speed 1,Action,PlayStation,2020,Ubisoft,4758.39,100.99,13.9,92,No,Rising
Zombie Outbreak 2,Shooter,Xbox,2020,Rockstar,4230.08,135.63,54.24,87,Yes,Stable
Cyber Quest 4,Horror,Cross-Platform,2000,Sony,3743.24,78,24.83,63,Yes,Declining
Neon Speed 1,Horror,Nintendo Switch,2019,Bandai Namco,4629.84,26.58,4.42,57,No,Stable
Warzone Chronicles 4,Horror,Cross-Platform,2012,Capcom,1851.72,21.99,10.76,77,Yes,Rising
Pixel Odyssey 1,Sports,PlayStation,2004,Rockstar,1228.73,54.36,13.61,54,Yes,Declining
Pixel Odyssey 3,Adventure,Mobile,2016,Bandai Namco,804.95,138.15,46.64,63,Yes,Declining
Galaxy Raiders 1,Sports,Xbox,2000,Microsoft,738.03,141,43.31,70,No,Declining
Zombie Outbreak 3,RPG,Xbox,2005,EA,467.28,119.06,24.51,89,No,Declining
Neon Speed 2,Sports,Xbox,2012,Microsoft,1579.29,111.36,34.72,74,No,Declining
Neon Speed 2,Adventure,Xbox,2010,Activision,4357.68,50.96,20.38,88,Yes,Declining
Battle Warriors 5,Racing,PC,2009,Square Enix,1278.74,26.86,4.65,75,Yes,Declining
Cyber Quest 3,Fighting,Xbox,2006,Nintendo,4758.2,61.42,15.22,95,No,Rising
Warzone Chronicles 5,Shooter,Cross-Platform,2004,Bandai Namco,3984.89,108.21,14.72,66,Yes,Declining
Pixel Odyssey 1,Action,Nintendo Switch,2006,Rockstar,206.65,86.58,16.12,68,No,Stable
Legends of Valor 2,Shooter,Xbox,2017,Ubisoft,1957.21,81.63,9.97,73,No,Rising
Fantasy Rivals 1,Strategy,Mobile,2021,Capcom,1424.6,142.38,44.16,61,No,Rising
Shadow Realms 4,Strategy,PlayStation,2015,Nintendo,3706.23,136.22,19.14,91,Yes,Stable
Cyber Quest 5,Fighting,Xbox,2004,Ubisoft,1805.47,52.12,15.36,94,Yes,Declining
Zombie Outbreak 2,Sports,Cross-Platform,2011,Bandai Namco,2008.38,159.32,45,78,No,Stable
Warzone Chronicles 4,RPG,Cross-Platform,2001,Capcom,3553.44,11.11,4.07,54,Yes,Declining
Neon Speed 5,Sports,PC,2021,Ubisoft,2444.11,109.77,50.1,94,Yes,Declining
Pixel Odyssey 2,Action,PlayStation,2024,Square Enix,1847.58,44.96,14.07,87,Yes,Declining
Shadow Realms 1,Sports,PC,2006,Sony,65.25,161.32,43.6,57,Yes,Rising
Shadow Realms 4,Strategy,Cross-Platform,2023,Bandai Namco,539.22,27.05,7.54,80,No,Stable
Neon Speed 3,Simulation,Xbox,2004,Nintendo,4497.4,9.01,2.57,71,Yes,Rising
Neon Speed 5,Shooter,Cross-Platform,2018,Sony,1182.88,81.76,32.91,95,No,Rising
Galaxy Raiders 1,Adventure,PlayStation,2018,Ubisoft,3343.4,176.68,84.77,63,No,Declining
Pixel Odyssey 1,Shooter,Mobile,2014,Microsoft,930.79,17.89,8.87,86,No,Declining
Legends of Valor 3,RPG,PlayStation,2013,Activision,1746.17,118.64,55.59,59,Yes,Rising
Cyber Quest 5,Action,Mobile,2009,Rockstar,4819.38,70.67,11.62,88,No,Declining
Legends of Valor 4,Shooter,Mobile,2006,Sony,4159.02,44.36,12.6,64,Yes,Rising
Neon Speed 3,Strategy,Cross-Platform,2018,Microsoft,2745.75,12.09,3.52,54,No,Declining
Cyber Quest 2,Strategy,Xbox,2003,Rockstar,2230.36,157.27,75,51,No,Stable
Legends of Valor 1,Simulation,PC,2006,Activision,680.83,40.35,13.09,91,No,Stable
Battle Warriors 1,Adventure,Nintendo Switch,2020,Nintendo,1050.51,91.37,15.19,95,No,Rising
Cyber Quest 3,Adventure,Nintendo Switch,2016,Rockstar,3393.43,13.01,2.68,59,Yes,Rising
Galaxy Raiders 2,Horror,PC,2006,Activision,1360.67,40.47,15.14,54,Yes,Stable
Fantasy Rivals 3,Racing,Mobile,2019,Ubisoft,4002.21,176,18.2,53,Yes,Rising
Legends of Valor 1,Sports,Mobile,2012,Square Enix,3074.6,11.34,1.66,85,Yes,Declining
Zombie Outbreak 3,Action,Mobile,2000,Ubisoft,4734.93,86.08,36.04,52,No,Rising
Legends of Valor 1,Shooter,PlayStation,2012,Sony,4536.86,184.44,52.31,54,No,Stable
Pixel Odyssey 5,RPG,Xbox,2011,Square Enix,4547.83,191.93,34.14,54,Yes,Rising
Zombie Outbreak 4,Shooter,PC,2018,Microsoft,2590.77,148.88,46.43,83,Yes,Stable
Shadow Realms 5,Fighting,Cross-Platform,2010,Nintendo,1468.53,179.51,46.95,69,No,Stable
Zombie Outbreak 4,Adventure,PlayStation,2010,Rockstar,388,153.75,41.62,54,No,Declining
Warzone Chronicles 4,Racing,Cross-Platform,2021,EA,263.54,132.48,27.58,94,No,Declining
Neon Speed 2,Racing,PC,2011,Rockstar,2723.34,146,19.16,65,Yes,Rising
Battle Warriors 1,Sports,PC,2010,Bandai Namco,2123.03,149.17,67.35,97,No,Declining
Zombie Outbreak 1,RPG,Xbox,2022,Nintendo,3701.22,198.56,65.27,66,No,Rising
Battle Warriors 3,Shooter,PlayStation,2009,Activision,4312.85,54.58,25.1,62,No,Declining
Cyber Quest 3,Racing,Mobile,2001,Square Enix,3937.18,81.03,34.99,79,Yes,Stable
Zombie Outbreak 3,Shooter,PlayStation,2015,Ubisoft,1470.62,109.26,32.74,87,Yes,Stable
Battle Warriors 4,Strategy,Cross-Platform,2024,EA,4835.79,115.65,56.27,92,Yes,Stable
Battle Warriors 5,Action,Mobile,2022,Square Enix,386.13,39.88,8.7,99,No,Rising
Legends of Valor 4,Horror,PlayStation,2016,Nintendo,71.64,10.88,3.23,91,Yes,Rising
Shadow Realms 4,Adventure,Cross-Platform,2001,Nintendo,724.85,44.32,13.16,65,No,Declining
Cyber Quest 2,Racing,Nintendo Switch,2016,Rockstar,1518.26,11.13,2.69,80,No,Stable
Shadow Realms 3,Sports,Nintendo Switch,2011,Sony,1193.99,72.71,26.03,72,No,Stable
Zombie Outbreak 2,Shooter,PlayStation,2015,Activision,856.77,18.73,8.08,59,No,Stable
Zombie Outbreak 1,Horror,Cross-Platform,2007,Activision,2377.39,160.5,53.76,91,Yes,Stable
Zombie Outbreak 3,Adventure,Xbox,2003,Activision,298.49,121.21,33.41,78,Yes,Stable
Galaxy Raiders 2,Racing,Xbox,2003,Activision,1143.01,16.68,2.97,62,No,Stable
Neon Speed 2,Racing,PlayStation,2019,Activision,4669.38,188.37,63.78,99,Yes,Declining
Legends of Valor 2,Strategy,PC,2004,EA,2978.52,124.34,60.58,89,No,Declining
Zombie Outbreak 5,Sports,PlayStation,2009,Rockstar,4212.13,184.22,89.87,58,No,Rising
Shadow Realms 1,Horror,Nintendo Switch,2023,Rockstar,1379.24,162.64,56.4,85,Yes,Stable
Neon Speed 3,Fighting,Nintendo Switch,2015,Ubisoft,4705.49,1.05,0.12,60,No,Rising
Battle Warriors 4,Sports,Nintendo Switch,2003,Square Enix,2134.79,106.68,45.68,61,No,Stable
Zombie Outbreak 5,Shooter,Nintendo Switch,2007,EA,1722.08,188.7,22.25,63,No,Rising
Zombie Outbreak 3,Racing,Xbox,2020,Activision,1135.96,106.08,30.73,81,Yes,Rising
Warzone Chronicles 4,Fighting,Nintendo Switch,2021,Bandai Namco,1615.35,84.16,14.04,81,No,Declining
Pixel Odyssey 3,Action,PlayStation,2008,Square Enix,2204.55,101.69,14.44,91,Yes,Rising
Zombie Outbreak 5,Strategy,Nintendo Switch,2003,Capcom,4118.21,124.61,21.86,74,Yes,Declining
Warzone Chronicles 1,Sports,Mobile,2005,EA,1839.17,134.22,35.3,83,No,Declining
Shadow Realms 5,Racing,PC,2001,Rockstar,4374.78,119.6,54.76,75,No,Stable
Pixel Odyssey 2,Horror,PC,2003,Nintendo,1108.08,196.85,92.97,97,No,Rising
Cyber Quest 2,Strategy,Mobile,2006,Sony,3461.28,96.82,14.21,68,Yes,Declining
Battle Warriors 4,Horror,Nintendo Switch,2020,Activision,2440.14,145.59,23.96,81,Yes,Stable
Galaxy Raiders 5,Fighting,PlayStation,2011,Activision,1629.77,153.46,73.46,78,Yes,Declining
Shadow Realms 3,Shooter,Mobile,2001,Rockstar,1613.06,88.57,12.13,69,No,Rising
Galaxy Raiders 2,Simulation,PlayStation,2005,Square Enix,2122.61,161.43,56.45,89,No,Stable
Shadow Realms 1,Adventure,PlayStation,2004,Sony,2930.06,108.14,20.46,51,No,Rising
Zombie Outbreak 2,Fighting,Xbox,2023,EA,2139,24.77,9.69,72,No,Rising
Shadow Realms 2,Racing,Cross-Platform,2008,EA,867.16,109.82,44.32,95,No,Stable
Warzone Chronicles 1,Sports,Mobile,2014,Bandai Namco,2680.23,39.82,12.75,79,Yes,Stable
Shadow Realms 3,Fighting,Cross-Platform,2016,Bandai Namco,2438.76,4.2,0.43,81,No,Rising
Galaxy Raiders 2,Sports,PC,2017,Sony,3250.33,144.5,71.34,59,No,Stable
Galaxy Raiders 2,Shooter,Cross-Platform,2009,Ubisoft,977.61,77.48,34.42,71,No,Stable
Neon Speed 2,Horror,Mobile,2013,Capcom,4539.53,112.06,18,89,Yes,Stable
Galaxy Raiders 5,RPG,PlayStation,2001,Sony,3789.75,90.9,38.37,80,Yes,Declining
Battle Warriors 5,Action,Cross-Platform,2000,Capcom,4800.87,115.68,33.75,81,No,Rising
Cyber Quest 3,Racing,Cross-Platform,2023,Nintendo,3158.49,75.1,28.46,58,No,Rising
Pixel Odyssey 1,Sports,PlayStation,2020,Nintendo,3101,148.27,60.01,61,No,Stable
Battle Warriors 3,Adventure,PC,2021,Rockstar,1188.94,41.86,11.75,52,No,Stable
Cyber Quest 5,Adventure,Xbox,2005,Nintendo,209.71,39.06,5.33,66,Yes,Rising
Warzone Chronicles 2,Sports,Xbox,2004,Microsoft,2997.52,47.98,6.74,88,No,Stable
Battle Warriors 1,Simulation,Nintendo Switch,2021,Capcom,3333.81,83.87,9.13,86,No,Declining
Pixel Odyssey 4,Horror,Mobile,2002,Microsoft,1234.22,55.31,8.57,73,Yes,Stable
Fantasy Rivals 2,Sports,Nintendo Switch,2015,Activision,2425.01,132.27,38.67,53,No,Declining
Legends of Valor 2,Shooter,Xbox,2024,Square Enix,2628.55,169.67,74.74,99,No,Declining
Warzone Chronicles 5,Horror,Xbox,2015,Capcom,1687.9,37.32,11.57,57,Yes,Declining
Warzone Chronicles 1,Simulation,Xbox,2005,Square Enix,743.16,191.85,76.01,95,No,Rising
Shadow Realms 3,Sports,Mobile,2009,Nintendo,3550.3,157.57,48,100,Yes,Stable
Cyber Quest 4,Shooter,PC,2005,Sony,2400.75,169.64,17.11,96,No,Stable
Galaxy Raiders 2,RPG,PC,2005,Square Enix,3806.23,153.19,23.32,98,No,Stable
Zombie Outbreak 3,Action,PlayStation,2003,EA,4992.7,107.93,23.19,60,Yes,Stable
Zombie Outbreak 3,RPG,Xbox,2010,Bandai Namco,3105.52,15.36,5.04,52,Yes,Stable
Cyber Quest 5,Fighting,Mobile,2019,Square Enix,1784.2,63.37,22.56,60,Yes,Stable
Galaxy Raiders 3,Action,Cross-Platform,2010,Microsoft,105.27,198.55,57.7,76,No,Stable
Battle Warriors 5,Adventure,Nintendo Switch,2010,Bandai Namco,4803.38,83.87,34.65,92,Yes,Rising
Cyber Quest 5,Fighting,Cross-Platform,2007,Sony,4768.33,164.66,31.76,74,Yes,Stable
Warzone Chronicles 1,Action,Xbox,2018,Microsoft,3070.54,195.99,30.96,83,No,Declining
Cyber Quest 1,Horror,Xbox,2002,Bandai Namco,634.35,189.93,86.27,74,No,Declining
Neon Speed 3,Adventure,Cross-Platform,2018,Microsoft,4913.96,52.36,13.16,60,No,Stable
Galaxy Raiders 2,Strategy,Nintendo Switch,2022,Ubisoft,469.63,152.94,19.97,60,Yes,Declining
Galaxy Raiders 4,Shooter,PlayStation,2005,Activision,3637.66,156.14,20.59,86,Yes,Rising
Cyber Quest 2,Racing,Mobile,2010,Rockstar,4286.24,130.29,28.69,99,No,Stable
Fantasy Rivals 3,Action,PC,2016,Sony,4823.48,199.69,64.85,90,Yes,Stable
Pixel Odyssey 2,Horror,PlayStation,2020,Rockstar,280.35,75.81,10.28,89,Yes,Rising
Fantasy Rivals 2,Sports,Cross-Platform,2017,Nintendo,2171.42,47.68,7.19,72,Yes,Rising
Fantasy Rivals 2,Action,PC,2004,Rockstar,2417.53,53.27,19.18,80,Yes,Stable
Shadow Realms 5,Fighting,Nintendo Switch,2015,Capcom,4829.03,132.69,42.05,64,No,Stable
Cyber Quest 2,Horror,Mobile,2010,Sony,4764.46,173.65,86.51,74,Yes,Stable
Fantasy Rivals 2,Racing,Xbox,2012,Nintendo,3224.34,138.28,49.9,63,No,Rising
Galaxy Raiders 1,Adventure,Mobile,2014,Sony,29.95,71.68,24.78,91,No,Declining
Cyber Quest 2,Strategy,Xbox,2012,EA,2259.42,35.18,15.04,71,Yes,Rising
Fantasy Rivals 2,Action,Nintendo Switch,2001,Activision,1273.16,50.59,15.61,63,No,Stable
Shadow Realms 1,Adventure,Xbox,2002,Rockstar,3085.66,111.91,13.56,50,Yes,Rising
Pixel Odyssey 3,Adventure,Mobile,2007,Rockstar,4266.51,57.2,17.41,50,Yes,Stable
Shadow Realms 4,Action,Nintendo Switch,2024,Microsoft,1695.5,184.4,20.15,73,Yes,Stable
Battle Warriors 4,Action,PlayStation,2024,Nintendo,4800.11,192.68,26.83,83,No,Stable
Battle Warriors 2,Simulation,Mobile,2017,Nintendo,299.96,174.36,77.8,62,Yes,Rising
Neon Speed 4,RPG,PlayStation,2010,Square Enix,828.64,99.27,45.76,87,Yes,Declining
Warzone Chronicles 5,Horror,PC,2018,Microsoft,2667.46,146.54,42.07,100,Yes,Declining
Shadow Realms 5,RPG,Cross-Platform,2024,Nintendo,738.22,50.21,11.53,51,Yes,Rising
Legends of Valor 4,Racing,Mobile,2006,Capcom,3981.64,197.65,92.56,55,No,Stable
Neon Speed 3,Strategy,Nintendo Switch,2005,Bandai Namco,3447.49,162.35,52.97,89,No,Declining
Shadow Realms 2,Racing,Mobile,2014,Activision,3267.18,139.74,69.5,81,Yes,Rising
Pixel Odyssey 5,Fighting,PC,2006,Ubisoft,2020.01,69.88,8.54,83,No,Rising
Shadow Realms 5,Action,Mobile,2005,Activision,3665.37,80.53,37.37,83,Yes,Declining
Zombie Outbreak 4,Racing,Cross-Platform,2009,EA,2423.53,63.81,21.7,79,No,Declining
Battle Warriors 4,Sports,Cross-Platform,2001,Square Enix,3016.31,51.66,8.98,87,Yes,Rising
Pixel Odyssey 2,Racing,Cross-Platform,2018,Capcom,3197.79,149.11,31.99,55,No,Stable
Zombie Outbreak 1,Fighting,PC,2019,Bandai Namco,2014.81,80.88,23.3,59,No,Stable
Cyber Quest 1,Racing,Nintendo Switch,2010,Activision,2665.5,79.13,14.35,59,No,Stable
Zombie Outbreak 5,Fighting,Cross-Platform,2016,Microsoft,4884.23,100.61,29.05,86,Yes,Rising
Neon Speed 2,Simulation,Nintendo Switch,2010,Ubisoft,3800.11,49.04,14.45,61,No,Rising
Warzone Chronicles 1,Sports,PlayStation,2019,Nintendo,4842.41,127.64,21.69,57,Yes,Rising
Warzone Chronicles 1,Sports,Cross-Platform,2000,Rockstar,3827.3,145.09,30.24,92,No,Declining
Cyber Quest 5,Horror,Cross-Platform,2001,Capcom,484.29,174.41,68.73,56,Yes,Stable
Shadow Realms 3,Shooter,Cross-Platform,2008,Capcom,2672.14,180.88,43.8,75,No,Stable
Battle Warriors 2,Strategy,Mobile,2006,Ubisoft,1218.74,185.22,86.49,53,No,Declining
Galaxy Raiders 5,RPG,Cross-Platform,2002,Activision,1662.57,90.3,36.67,65,No,Rising
Warzone Chronicles 5,Strategy,Cross-Platform,2009,Activision,1763.67,149.83,67.6,68,Yes,Rising
Galaxy Raiders 3,Strategy,Xbox,2019,Bandai Namco,3234.81,197.48,82.45,93,No,Declining
Neon Speed 4,RPG,Mobile,2022,Rockstar,2416.11,72.89,17.65,81,No,Rising
Battle Warriors 2,Simulation,Cross-Platform,2003,Square Enix,4914.86,175.73,64.44,61,Yes,Stable
Neon Speed 4,RPG,Xbox,2009,Ubisoft,3272.02,162.33,27.67,90,No,Stable
Neon Speed 4,RPG,Nintendo Switch,2017,Ubisoft,1228.61,81.38,38.5,66,Yes,Stable
Shadow Realms 1,Action,Cross-Platform,2000,Sony,1918.79,150.29,31.45,50,No,Rising
Legends of Valor 4,Strategy,Cross-Platform,2010,Microsoft,148.94,43.97,10.34,72,No,Stable
Neon Speed 5,Action,PC,2003,Square Enix,1341.82,55.48,10.72,74,No,Stable
Fantasy Rivals 3,Simulation,Mobile,2008,Nintendo,1820.14,128.6,23.95,73,No,Declining
Legends of Valor 2,Action,PC,2014,Square Enix,1090.26,102.68,32.17,85,No,Rising
Zombie Outbreak 5,Strategy,PlayStation,2011,Sony,215.17,168.89,21.62,80,Yes,Rising
Galaxy Raiders 3,Shooter,Nintendo Switch,2018,Activision,739.19,114.13,53.84,84,No,Declining
Fantasy Rivals 3,Fighting,Nintendo Switch,2004,Nintendo,3803.97,120.84,57.89,79,No,Stable
Neon Speed 5,Action,PlayStation,2014,Square Enix,420.3,105.04,41.6,95,Yes,Declining
Neon Speed 1,RPG,PlayStation,2008,Microsoft,4219.2,3.28,1.62,60,No,Rising
Warzone Chronicles 4,Horror,Nintendo Switch,2001,Rockstar,625.36,82.89,12.89,67,Yes,Declining
Shadow Realms 2,RPG,Cross-Platform,2011,Bandai Namco,423,150.25,26.21,57,Yes,Stable
Galaxy Raiders 4,Action,Mobile,2018,Nintendo,4872.45,128.25,25.95,93,No,Stable
Fantasy Rivals 4,Horror,Mobile,2015,Capcom,3300.44,129.65,30.87,97,Yes,Rising
Zombie Outbreak 1,Strategy,PlayStation,2022,Sony,4963.95,185.04,26.13,51,No,Declining
Pixel Odyssey 5,Adventure,Cross-Platform,2013,Ubisoft,1304.97,162.57,37.76,91,Yes,Stable
Galaxy Raiders 5,Horror,PlayStation,2009,Sony,2880.46,64.38,32.04,84,Yes,Rising
Fantasy Rivals 3,Racing,Xbox,2002,Sony,1348.36,151.95,33.34,61,No,Stable
Battle Warriors 3,Strategy,Mobile,2020,Microsoft,1630.79,42.55,7.87,79,No,Rising
Warzone Chronicles 4,Strategy,Mobile,2008,Nintendo,2956.96,170.55,69.09,78,No,Declining
Battle Warriors 4,Action,Xbox,2010,Activision,398.67,190.79,54.35,69,No,Stable
Fantasy Rivals 1,Adventure,Mobile,2017,Square Enix,1959.55,157.94,76.53,55,No,Declining
Fantasy Rivals 4,Strategy,PlayStation,2007,Capcom,2633.94,161.9,33.22,80,Yes,Declining
Neon Speed 1,Shooter,Xbox,2010,Sony,3511.79,91.76,45.19,57,Yes,Stable
Warzone Chronicles 1,Sports,Mobile,2005,Bandai Namco,967.46,114.27,44.75,95,Yes,Stable
Galaxy Raiders 4,Simulation,PlayStation,2021,Capcom,1334.36,111.95,29.31,55,Yes,Rising
Cyber Quest 1,Action,PC,2019,EA,4625.35,126.24,33.31,79,No,Stable
Pixel Odyssey 5,Adventure,PlayStation,2008,Nintendo,2366.71,64.23,7.3,50,Yes,Declining
Warzone Chronicles 2,Sports,Nintendo Switch,2002,Rockstar,1277.61,77.23,14.58,62,Yes,Stable
Galaxy Raiders 3,RPG,PC,2020,Ubisoft,3694.95,20.25,5.68,69,Yes,Rising
Zombie Outbreak 2,Strategy,PC,2013,Activision,849.69,96.89,21.21,100,No,Declining
Battle Warriors 3,Sports,Xbox,2019,Activision,826.54,185.09,57.29,77,No,Rising
Pixel Odyssey 1,Horror,PlayStation,2024,Sony,874.12,13.05,2.62,54,No,Stable
Fantasy Rivals 5,Sports,PlayStation,2005,Bandai Namco,1507.19,27.11,13.23,61,No,Rising
Cyber Quest 4,Simulation,PlayStation,2014,EA,3236.01,45.64,17.41,80,Yes,Stable
Warzone Chronicles 4,Action,Nintendo Switch,2023,Activision,4243.69,50.88,13.21,70,Yes,Stable
Zombie Outbreak 2,Action,Cross-Platform,2009,Nintendo,3092.99,195.54,23.82,66,Yes,Declining
Warzone Chronicles 3,Horror,Nintendo Switch,2016,Sony,3923.81,157.39,30.26,73,Yes,Declining
Battle Warriors 2,Sports,PlayStation,2002,Microsoft,2496.17,113.46,22.28,50,No,Declining
Neon Speed 1,Action,PlayStation,2024,Activision,519.7,163.04,24.04,61,No,Rising
Galaxy Raiders 1,Shooter,Cross-Platform,2000,Activision,4572.45,20.3,3.23,54,Yes,Stable
Cyber Quest 5,Sports,PC,2002,Ubisoft,2911.41,172.7,52.63,94,Yes,Stable
Neon Speed 3,Horror,PlayStation,2020,Sony,243.27,189.94,63.24,94,No,Stable
Legends of Valor 1,Fighting,Xbox,2010,Rockstar,4599.73,147.27,48.62,92,Yes,Declining
Neon Speed 5,Strategy,Xbox,2018,Activision,188.01,97.68,43.75,78,No,Declining
Pixel Odyssey 1,Horror,Cross-Platform,2004,Microsoft,2661.32,46.84,16.27,85,Yes,Stable
Pixel Odyssey 4,Sports,Nintendo Switch,2003,EA,1683.61,108.36,38.96,57,No,Rising
Pixel Odyssey 3,Horror,Xbox,2008,Sony,2356.72,53.68,18.8,95,No,Declining
Neon Speed 1,Strategy,Mobile,2014,Activision,2507.55,69.28,10.07,61,No,Rising
Pixel Odyssey 5,Action,PC,2010,Activision,4490.32,147.27,56.08,92,Yes,Stable
Galaxy Raiders 1,Adventure,Xbox,2010,Ubisoft,2520.52,164.1,40.9,58,Yes,Declining
Shadow Realms 1,Racing,Mobile,2021,Ubisoft,251.92,76.91,25.52,74,Yes,Rising
Galaxy Raiders 4,Strategy,PC,2021,Square Enix,1696.65,8.55,3.72,77,Yes,Rising
Shadow Realms 3,Shooter,PlayStation,2023,Nintendo,724.81,103.81,35.89,63,Yes,Declining
Fantasy Rivals 1,RPG,PC,2002,Ubisoft,1820.34,161.84,70.33,90,Yes,Rising
Legends of Valor 1,Sports,PlayStation,2014,Rockstar,3510.98,172.37,22.96,95,No,Rising
Battle Warriors 1,Simulation,Nintendo Switch,2021,Sony,4952.79,193.92,55.81,85,Yes,Stable
Neon Speed 2,Action,Mobile,2008,EA,2677.53,108.74,46.98,74,No,Rising
Pixel Odyssey 5,RPG,PlayStation,2015,Rockstar,2043.05,166.53,52.79,79,Yes,Declining
Neon Speed 4,Adventure,PC,2021,Capcom,4318.54,26.26,5.41,68,Yes,Declining
Neon Speed 2,Strategy,PlayStation,2020,Microsoft,2770.7,3.91,1.53,87,No,Rising
Cyber Quest 3,Strategy,Cross-Platform,2010,Nintendo,4800.25,153,34.37,92,Yes,Declining
Fantasy Rivals 2,Sports,PlayStation,2018,Nintendo,2935.31,15.97,7.12,86,No,Stable
Cyber Quest 2,Adventure,Xbox,2024,Microsoft,4529.75,17.28,5.83,91,Yes,Stable
Warzone Chronicles 2,Horror,PlayStation,2002,EA,2460.75,85.7,26.38,78,No,Declining
Pixel Odyssey 5,Racing,PC,2019,Sony,4648.63,43.87,5.27,82,Yes,Declining
Cyber Quest 5,Action,Xbox,2017,EA,917.92,17,3.14,95,Yes,Stable
Warzone Chronicles 5,Sports,PlayStation,2013,Nintendo,1250.22,129,28.51,60,No,Stable
Shadow Realms 3,Sports,Nintendo Switch,2001,Rockstar,2274.7,186.89,33.06,50,Yes,Rising
Neon Speed 5,Racing,Nintendo Switch,2012,Bandai Namco,940.16,194.53,92.2,78,Yes,Rising
Zombie Outbreak 2,Sports,PlayStation,2020,Microsoft,81.48,149.44,29.77,83,No,Rising
Cyber Quest 3,Strategy,Cross-Platform,2018,Square Enix,800.34,74.39,34.83,55,No,Declining
Cyber Quest 1,Racing,Cross-Platform,2021,Rockstar,4259.08,108.48,43.67,54,Yes,Rising
Zombie Outbreak 2,Adventure,Xbox,2023,Rockstar,2837.82,145.51,53.27,69,No,Stable
Neon Speed 3,Fighting,Nintendo Switch,2017,Activision,3590.17,71.96,35.77,96,No,Stable
Pixel Odyssey 5,Action,Xbox,2019,Ubisoft,498.73,107.07,32.53,75,Yes,Stable
Warzone Chronicles 2,Fighting,PC,2018,Ubisoft,3385.67,151.73,22.9,95,No,Declining
Legends of Valor 3,Sports,Mobile,2007,Sony,2222.79,12.27,3.75,77,Yes,Rising
Fantasy Rivals 2,Strategy,Cross-Platform,2014,Rockstar,4157.78,48.49,8.87,65,Yes,Rising
Fantasy Rivals 3,Racing,Xbox,2017,Square Enix,1467.91,84.5,29.88,52,No,Stable
Galaxy Raiders 5,Fighting,Mobile,2023,Activision,3029.68,17.25,5.59,87,Yes,Rising
Zombie Outbreak 4,RPG,Nintendo Switch,2019,Bandai Namco,4427.01,18.91,6.9,100,No,Stable
Legends of Valor 5,Sports,Mobile,2009,Square Enix,4185.57,194.25,96.62,86,Yes,Stable
Fantasy Rivals 3,Simulation,Xbox,2012,Ubisoft,1601.25,99.43,18.31,58,No,Stable
Shadow Realms 4,Action,PC,2015,Microsoft,3997.38,3.49,1.67,68,No,Rising
Legends of Valor 4,Action,Nintendo Switch,2015,Microsoft,3064.11,196.59,67.95,99,Yes,Rising
Cyber Quest 3,Sports,Cross-Platform,2016,Microsoft,2595.1,117.78,48.55,64,Yes,Declining
Shadow Realms 2,Fighting,Cross-Platform,2019,EA,3944.2,9.09,4.32,100,No,Declining
Cyber Quest 3,Fighting,PlayStation,2022,Capcom,1853.86,111.31,19.74,98,Yes,Stable
Galaxy Raiders 3,Adventure,Mobile,2003,Square Enix,3154.26,130.1,23.9,94,Yes,Stable
Pixel Odyssey 2,Horror,PlayStation,2021,Ubisoft,889.03,32.62,10.47,51,Yes,Stable
Fantasy Rivals 5,Strategy,PC,2020,Sony,4606.11,123.68,43.69,67,Yes,Stable
Galaxy Raiders 4,Adventure,Xbox,2002,Nintendo,589.84,196.95,25.14,75,Yes,Rising
Galaxy Raiders 5,Simulation,PC,2015,Bandai Namco,1217.69,175.88,79.63,77,No,Rising
Galaxy Raiders 2,Strategy,Xbox,2024,Bandai Namco,1569.1,49.28,8.15,86,Yes,Stable
Shadow Realms 2,Sports,PlayStation,2010,Rockstar,446.85,45.37,10.91,69,Yes,Stable
Galaxy Raiders 2,Simulation,PlayStation,2009,Nintendo,3588.25,102.18,36.46,75,No,Rising
Galaxy Raiders 5,Shooter,Cross-Platform,2008,Capcom,3490.67,187.6,83.57,78,Yes,Declining
Cyber Quest 1,Strategy,Mobile,2017,Activision,4750.94,16.03,2,55,No,Stable
Battle Warriors 1,Action,Nintendo Switch,2009,Square Enix,2978.55,59.96,17.59,52,No,Declining
Legends of Valor 5,Horror,Xbox,2016,Nintendo,4568.55,12.08,4.37,60,Yes,Stable
Fantasy Rivals 1,Sports,PC,2004,Ubisoft,2586.41,156.28,62.08,78,No,Stable
Battle Warriors 5,Racing,PC,2017,Activision,4031.25,82.64,28.81,61,No,Stable
Legends of Valor 4,Adventure,Xbox,2021,Capcom,4952.49,158.71,40.25,74,Yes,Stable
Neon Speed 4,Shooter,Nintendo Switch,2011,Ubisoft,1391.57,91.41,16.05,95,No,Stable
Warzone Chronicles 2,Horror,PC,2003,Rockstar,3054.68,181.13,78.13,99,Yes,Stable
Battle Warriors 3,RPG,PC,2023,Ubisoft,3729.72,60.88,9.46,55,Yes,Declining
Fantasy Rivals 5,Simulation,Mobile,2020,Rockstar,4999.79,125.23,41.54,90,No,Declining
Zombie Outbreak 5,Simulation,Mobile,2002,Microsoft,3260.05,78.68,19.11,83,Yes,Stable
Neon Speed 3,Fighting,Nintendo Switch,2016,Activision,1039.28,145.71,34.65,70,No,Rising
Fantasy Rivals 2,Strategy,Mobile,2004,Rockstar,2703.72,118.21,37.49,62,Yes,Rising
Shadow Realms 1,Action,PlayStation,2013,Bandai Namco,2475.52,10.8,1.14,58,Yes,Stable
Zombie Outbreak 4,Racing,Nintendo Switch,2001,Capcom,2730.27,10.49,1.9,65,Yes,Rising
Shadow Realms 4,Action,Cross-Platform,2007,Square Enix,4418.19,44.82,4.64,65,Yes,Stable
Fantasy Rivals 2,Horror,Xbox,2004,Microsoft,1852.23,105.76,20.64,97,No,Stable
Zombie Outbreak 5,Horror,PC,2008,Ubisoft,1256.22,118,49.19,76,Yes,Rising
Zombie Outbreak 5,Fighting,PC,2010,Sony,4105.51,171.68,46.37,64,Yes,Declining
Pixel Odyssey 4,Shooter,Mobile,2009,Square Enix,4718.33,111.95,19.34,92,Yes,Stable
Fantasy Rivals 3,Simulation,PC,2009,EA,2587.66,188.27,70.6,68,No,Declining
Warzone Chronicles 2,Adventure,Nintendo Switch,2012,Ubisoft,1084.57,65.83,17.92,97,Yes,Stable
Zombie Outbreak 5,Strategy,PC,2023,EA,3155.89,16.13,3.75,90,Yes,Rising
Cyber Quest 2,Strategy,Xbox,2007,Activision,960.43,172.99,59.65,100,Yes,Stable
Fantasy Rivals 4,Strategy,Cross-Platform,2020,Activision,3667.76,59.21,15.21,71,Yes,Declining
Shadow Realms 5,RPG,PlayStation,2023,Ubisoft,2830.17,37.48,9.01,62,Yes,Declining
Battle Warriors 5,RPG,Mobile,2016,Microsoft,3390.62,64.01,27.52,90,Yes,Rising
Battle Warriors 4,Shooter,Xbox,2009,Bandai Namco,3440.63,20.52,6.91,86,Yes,Stable
Warzone Chronicles 4,Strategy,PC,2022,Microsoft,4544.48,111.45,35.45,68,No,Declining
Galaxy Raiders 3,Action,Mobile,2007,Activision,3178.35,150.03,49.14,81,Yes,Rising
Zombie Outbreak 2,Adventure,PC,2009,Nintendo,3771.44,67.78,33.32,100,No,Rising
Neon Speed 2,Sports,PC,2001,Nintendo,4106.79,55.66,15.45,64,No,Rising
Warzone Chronicles 2,Sports,Mobile,2016,Nintendo,3554.3,2.37,0.7,78,Yes,Declining
Shadow Realms 1,Simulation,PlayStation,2016,Sony,3522.06,185.7,29.99,53,No,Declining
Cyber Quest 5,Sports,Cross-Platform,2005,Square Enix,1686.76,71.6,32.61,83,Yes,Stable
Galaxy Raiders 5,Racing,PlayStation,2012,Activision,4635.85,122.78,23.41,98,No,Declining
Warzone Chronicles 1,Action,PC,2018,Nintendo,1185.58,150.1,48.51,97,Yes,Stable
Neon Speed 4,Sports,Xbox,2017,Capcom,1782.74,54.42,11.4,85,No,Stable
Shadow Realms 4,Sports,Nintendo Switch,2015,Square Enix,2205.71,114.82,12.86,90,No,Rising
Warzone Chronicles 4,RPG,Xbox,2023,Ubisoft,2655.15,137.64,32.41,84,No,Stable
Fantasy Rivals 1,Fighting,PC,2001,Sony,3375.82,45.95,22.63,77,Yes,Declining
Cyber Quest 5,Fighting,Mobile,2010,Microsoft,617.32,92.83,19.87,87,Yes,Stable
Galaxy Raiders 2,Sports,Mobile,2003,Square Enix,1663.97,39.8,15.85,75,No,Stable
Cyber Quest 3,Shooter,Xbox,2013,Bandai Namco,2215.99,33.47,9.86,87,Yes,Rising
Pixel Odyssey 3,Fighting,Nintendo Switch,2017,Square Enix,2471.03,55.06,22.73,98,No,Rising
Neon Speed 2,Shooter,PlayStation,2001,Bandai Namco,2881.43,190.63,45.29,53,Yes,Rising
Warzone Chronicles 4,Fighting,PlayStation,2015,Square Enix,55.21,191.77,43.19,94,Yes,Declining
Fantasy Rivals 5,Adventure,Xbox,2024,EA,2747.87,75.53,27.87,63,No,Rising
Fantasy Rivals 5,RPG,Xbox,2010,Square Enix,59.04,15.33,4.53,65,No,Declining
Legends of Valor 3,Horror,PlayStation,2019,Sony,4716.07,51.36,9.34,88,No,Rising
Warzone Chronicles 1,Horror,Nintendo Switch,2012,Microsoft,356.16,64.94,30.03,71,Yes,Declining
Battle Warriors 4,Fighting,Nintendo Switch,2017,Activision,1551.34,115.8,53.9,54,Yes,Declining
Neon Speed 1,Shooter,Xbox,2000,Rockstar,3039.13,106.08,36.99,50,No,Rising
Neon Speed 2,Adventure,Nintendo Switch,2005,Square Enix,152.47,114.39,42.81,98,No,Declining
Shadow Realms 3,Fighting,PC,2012,EA,679.64,85.42,28.07,56,Yes,Stable
Legends of Valor 2,Racing,Xbox,2022,EA,3812.29,91.99,21.57,96,No,Rising
Neon Speed 4,Strategy,PC,2001,Capcom,1151.52,30.84,11.46,50,No,Declining
Galaxy Raiders 5,Horror,Nintendo Switch,2020,Microsoft,895.62,142.01,61.85,67,No,Stable
Fantasy Rivals 4,Shooter,PC,2013,Nintendo,3818.66,51.39,14.06,81,No,Rising
Fantasy Rivals 1,Horror,Cross-Platform,2024,Capcom,4723.24,119.31,45.48,66,Yes,Stable
Fantasy Rivals 4,Strategy,Xbox,2005,Activision,677.8,191.27,51.01,86,Yes,Declining
Galaxy Raiders 5,Fighting,PC,2003,Sony,2777.31,128.8,20.53,71,No,Rising
Galaxy Raiders 5,Horror,PC,2015,Ubisoft,1008.64,125.95,39.56,81,Yes,Stable
Legends of Valor 1,Sports,PlayStation,2005,Microsoft,919.24,57.36,13.24,51,No,Declining
Zombie Outbreak 3,Sports,PlayStation,2011,EA,949.77,42.38,19.74,93,Yes,Stable
Cyber Quest 3,Action,PC,2001,Square Enix,953.61,160.28,28.4,100,No,Rising
Legends of Valor 4,RPG,PC,2004,Capcom,1486.98,151.22,23.28,66,No,Stable
Warzone Chronicles 1,Action,PC,2012,Ubisoft,1556.7,101.4,26.85,89,No,Rising
Galaxy Raiders 5,Simulation,PC,2015,EA,2231.04,199.44,69.17,95,Yes,Declining
Neon Speed 5,Action,Xbox,2018,Rockstar,2762.14,14,2.17,90,No,Stable
Zombie Outbreak 4,Horror,PlayStation,2023,Activision,2370,6.14,2.29,68,Yes,Rising
Battle Warriors 5,Strategy,PlayStation,2024,Sony,3437.23,199.55,40.66,86,No,Declining
Fantasy Rivals 4,Strategy,Cross-Platform,2017,Microsoft,1371.18,176.05,58.75,78,No,Declining
Fantasy Rivals 4,Sports,Xbox,2009,Bandai Namco,2037.04,21.22,9.67,86,No,Stable
Fantasy Rivals 5,RPG,Mobile,2005,Nintendo,1510.73,103.37,50.59,81,Yes,Stable
Galaxy Raiders 1,Fighting,PlayStation,2013,Capcom,219.83,144.74,27.49,97,Yes,Declining
Galaxy Raiders 4,Action,Nintendo Switch,2012,Sony,3753.81,147.62,70.1,75,No,Declining
Cyber Quest 1,Simulation,PlayStation,2011,Square Enix,985.63,156.84,35.25,58,No,Declining
Pixel Odyssey 3,Sports,Mobile,2003,Microsoft,45.25,157.2,71.33,67,Yes,Stable
Fantasy Rivals 1,Shooter,Cross-Platform,2010,Sony,1458.97,172.52,46.91,82,Yes,Stable
Warzone Chronicles 3,Sports,PC,2000,Microsoft,2177.57,31.38,10.35,54,No,Declining
Legends of Valor 4,Racing,PlayStation,2011,Rockstar,3226.22,180.7,85.28,81,No,Stable
Shadow Realms 2,Horror,Xbox,2021,Rockstar,1846.45,137.44,21.3,77,No,Rising
Pixel Odyssey 4,Adventure,Xbox,2003,Capcom,2160.53,164.9,78.74,63,No,Rising
Neon Speed 5,Horror,Mobile,2022,Bandai Namco,1055.92,186.98,50.89,72,No,Stable
Neon Speed 3,Fighting,Xbox,2001,Nintendo,2446.6,5.53,2.63,97,Yes,Declining
Shadow Realms 3,Sports,Mobile,2011,EA,3202.27,119.74,51.05,53,Yes,Stable
Galaxy Raiders 1,Racing,Mobile,2018,Ubisoft,2226.75,30.38,4.28,53,Yes,Stable
Warzone Chronicles 2,Racing,Nintendo Switch,2023,Capcom,2648.91,166.73,81.82,52,No,Declining
Legends of Valor 2,Shooter,PlayStation,2024,EA,893.64,38.14,7.28,94,Yes,Rising
Cyber Quest 5,Horror,Mobile,2001,Sony,4416.49,14.32,5.82,81,No,Stable
Warzone Chronicles 2,Action,PC,2020,Bandai Namco,1630.95,139.25,26.97,66,Yes,Rising
Battle Warriors 2,Shooter,Cross-Platform,2017,Sony,1108.75,160.6,60.96,88,No,Declining
Neon Speed 2,Action,Xbox,2017,Microsoft,4732.5,129.73,46.24,51,Yes,Rising
Cyber Quest 2,Simulation,Nintendo Switch,2013,Sony,3939.8,156.54,60.47,65,Yes,Stable
Battle Warriors 2,Action,Mobile,2009,Capcom,4775.04,160.31,71.23,95,No,Declining
Battle Warriors 1,Racing,PlayStation,2001,Sony,4238.11,108.32,31.38,81,No,Stable
Neon Speed 5,Adventure,PlayStation,2010,Capcom,617.79,6.83,2.18,50,Yes,Rising
Fantasy Rivals 4,RPG,Cross-Platform,2006,Activision,1324.59,196.62,56.04,52,No,Declining
Battle Warriors 3,Racing,Cross-Platform,2009,EA,1392.26,155.57,63.99,69,Yes,Stable
Neon Speed 5,Action,PlayStation,2000,Microsoft,2770.44,51.24,24.77,84,No,Rising
Cyber Quest 2,Adventure,Xbox,2019,Rockstar,4534.98,168.17,70.31,83,Yes,Rising
Warzone Chronicles 2,Racing,Xbox,2012,Nintendo,1660.05,157.67,49.52,78,Yes,Rising
Neon Speed 1,Racing,Cross-Platform,2009,Ubisoft,1203.95,37.9,9.42,72,Yes,Declining
Cyber Quest 4,Horror,Nintendo Switch,2001,Sony,2199.98,101.26,26.18,53,Yes,Rising
Shadow Realms 3,Strategy,PlayStation,2003,Rockstar,1894.78,75.23,21.86,94,Yes,Declining
Cyber Quest 2,Shooter,Mobile,2016,Bandai Namco,3718.41,125.57,52.97,65,No,Declining
Galaxy Raiders 4,Horror,Mobile,2018,Rockstar,807.57,63.62,14.73,65,Yes,Stable
Legends of Valor 3,Sports,PC,2018,Ubisoft,779.21,158.79,26.21,77,Yes,Rising
Cyber Quest 2,Sports,PlayStation,2017,Bandai Namco,1597.72,20.43,2.55,57,Yes,Stable
Galaxy Raiders 5,Racing,Cross-Platform,2001,Ubisoft,1070.22,146.51,44.89,64,No,Declining
Galaxy Raiders 1,Fighting,Xbox,2021,Ubisoft,4722.84,64.81,12.25,80,Yes,Stable
Neon Speed 4,Strategy,Nintendo Switch,2012,Sony,2409.81,142.32,58.86,93,Yes,Declining
Cyber Quest 2,Action,Cross-Platform,2019,EA,1998.36,167.47,32.08,65,No,Rising
Neon Speed 3,Horror,Nintendo Switch,2011,Sony,2151.36,135.68,58.81,83,Yes,Stable
Zombie Outbreak 2,Strategy,Cross-Platform,2012,Ubisoft,1335.88,85.36,34.06,64,No,Declining
Battle Warriors 1,Action,PlayStation,2004,Nintendo,3399.61,14.4,6.01,50,Yes,Declining
Legends of Valor 4,Shooter,Xbox,2010,EA,1893.91,101.87,31.21,82,No,Rising
Cyber Quest 4,Shooter,Nintendo Switch,2005,Activision,3655.85,0.95,0.11,68,No,Stable
Pixel Odyssey 4,Action,PlayStation,2005,Bandai Namco,483.68,197.99,45.62,70,Yes,Stable
Pixel Odyssey 1,Strategy,Mobile,2022,EA,1476.48,178.14,72.57,94,Yes,Declining
Warzone Chronicles 4,Adventure,Nintendo Switch,2007,Square Enix,1347.56,149.65,69.93,51,No,Rising
Galaxy Raiders 2,Racing,PlayStation,2004,Sony,4079.83,114.21,31.65,100,Yes,Rising
Pixel Odyssey 1,Fighting,Mobile,2000,Microsoft,4442.68,97.93,31.02,73,Yes,Rising
Cyber Quest 1,Simulation,Nintendo Switch,2005,EA,3514.57,31.82,6.95,70,No,Stable
Fantasy Rivals 2,Strategy,PlayStation,2012,Bandai Namco,4429.86,23.15,8.11,85,No,Declining
Pixel Odyssey 1,Action,Cross-Platform,2019,Sony,3639.88,28.61,12.99,57,Yes,Stable
Legends of Valor 3,Shooter,PlayStation,2016,Bandai Namco,1406.53,31.36,11.76,73,Yes,Declining
Battle Warriors 1,Racing,Mobile,2009,EA,2498.42,9.96,4.88,85,Yes,Rising
Neon Speed 4,Simulation,Nintendo Switch,2012,Ubisoft,3922.87,39.14,16.68,62,No,Declining
Shadow Realms 5,Racing,PC,2005,Rockstar,2803.05,158.19,50.19,94,Yes,Stable
Pixel Odyssey 3,Shooter,Mobile,2014,Ubisoft,760.15,121.28,22.46,81,No,Declining
Battle Warriors 5,Simulation,Cross-Platform,2019,EA,2658.81,150.65,75.15,92,Yes,Stable
Legends of Valor 5,Fighting,PC,2022,Ubisoft,2162.68,133.32,64.51,52,No,Stable
Neon Speed 3,Action,Nintendo Switch,2011,Sony,536.26,115.52,37.48,50,No,Declining
Shadow Realms 3,Adventure,Xbox,2021,Rockstar,1809.87,47.64,21.46,72,Yes,Rising
Neon Speed 5,Sports,Nintendo Switch,2002,Sony,3528.13,91.16,36.23,82,No,Rising
Neon Speed 4,Fighting,PC,2011,Square Enix,852.87,64.86,24.04,100,Yes,Stable
Galaxy Raiders 2,Strategy,Nintendo Switch,2020,Activision,4295.49,131.32,63.82,75,No,Rising
Fantasy Rivals 2,Action,PC,2002,Microsoft,1047.01,95.19,38.5,82,Yes,Declining
Galaxy Raiders 1,Action,Nintendo Switch,2018,Rockstar,4185.96,96.45,21.12,61,Yes,Rising
Legends of Valor 1,Strategy,PC,2003,Capcom,4736.02,178.01,39.53,52,No,Rising
Fantasy Rivals 1,Sports,Xbox,2012,Square Enix,3248.75,138.29,20.13,67,Yes,Stable
Fantasy Rivals 1,Racing,Cross-Platform,2016,EA,1293.87,17.13,6.25,74,Yes,Declining
Neon Speed 3,Sports,PlayStation,2021,Sony,4875.56,67.46,20.64,95,Yes,Rising
Cyber Quest 3,Strategy,PlayStation,2014,Sony,1198.9,115.84,54.81,83,Yes,Stable
Galaxy Raiders 4,Fighting,Mobile,2018,Nintendo,3038.6,132.58,45.85,82,No,Declining
Warzone Chronicles 1,Shooter,PlayStation,2015,Bandai Namco,635.48,11.31,1.25,57,Yes,Rising
Fantasy Rivals 5,Shooter,Xbox,2016,EA,4889.55,142.07,50.77,83,No,Rising
Pixel Odyssey 5,Adventure,Cross-Platform,2014,Capcom,2118.11,138.11,30.44,100,Yes,Declining
Neon Speed 4,Sports,PlayStation,2008,Sony,3516.02,4.92,1.59,82,No,Stable
Battle Warriors 2,Strategy,PlayStation,2005,Microsoft,649.63,127.24,20.87,60,Yes,Rising
Pixel Odyssey 4,Shooter,Cross-Platform,2017,Activision,4562.83,122.92,17.79,55,Yes,Declining
Pixel Odyssey 5,Action,PC,2020,Bandai Namco,402.32,90.83,38.87,54,No,Rising
Zombie Outbreak 3,Fighting,Xbox,2011,Activision,3389.45,10.67,2.88,63,Yes,Rising
Battle Warriors 4,Shooter,Nintendo Switch,2002,Microsoft,1554.6,142,49.15,50,Yes,Rising
Neon Speed 4,Fighting,Xbox,2011,Bandai Namco,3760.25,51.54,24.17,81,Yes,Declining
Zombie Outbreak 4,Racing,PlayStation,2017,Bandai Namco,3868.23,83.82,15.65,64,Yes,Stable
Battle Warriors 2,Simulation,PlayStation,2018,Ubisoft,276.71,127.78,55.42,57,Yes,Declining
Cyber Quest 3,Shooter,Cross-Platform,2006,Rockstar,878.38,18.44,7.67,79,Yes,Stable
Zombie Outbreak 4,RPG,Xbox,2003,Capcom,3172.12,26.95,12.59,69,No,Stable
Fantasy Rivals 3,Adventure,Cross-Platform,2018,Activision,2464.26,13.69,2.05,89,Yes,Rising
Zombie Outbreak 4,Fighting,PlayStation,2007,Rockstar,1655.01,186.45,39.19,84,Yes,Stable
Shadow Realms 4,Horror,Nintendo Switch,2018,Microsoft,3079.66,100.58,17.54,61,No,Rising
Cyber Quest 4,Adventure,PlayStation,2018,EA,4904.32,175.97,45.24,67,Yes,Declining
Legends of Valor 5,Fighting,Xbox,2006,Square Enix,1924.7,99.09,25.13,90,No,Stable
Warzone Chronicles 3,Action,Cross-Platform,2012,Nintendo,11.43,120.79,22.13,63,No,Declining
Fantasy Rivals 5,Strategy,PC,2017,Rockstar,949.77,162.85,44.8,94,Yes,Stable
Legends of Valor 2,Fighting,PC,2012,Rockstar,760.69,192.35,77.44,78,Yes,Declining
Warzone Chronicles 1,RPG,PlayStation,2023,Sony,2428.21,167.7,34.17,71,Yes,Declining
Shadow Realms 3,Action,Cross-Platform,2022,Capcom,654.5,164.67,69.77,63,No,Stable
Zombie Outbreak 1,RPG,Nintendo Switch,2001,Nintendo,920.27,49.77,7.86,55,Yes,Rising
Warzone Chronicles 1,Sports,PC,2001,Square Enix,2311.15,80.8,15.65,52,Yes,Stable
Pixel Odyssey 4,Adventure,Cross-Platform,2009,Square Enix,3008.23,145.57,63.06,95,Yes,Declining
Zombie Outbreak 2,Simulation,PlayStation,2003,Bandai Namco,4623.45,169.35,75.57,52,Yes,Stable
Cyber Quest 1,Simulation,Mobile,2011,Activision,2498.66,65.94,11.21,76,Yes,Rising
Cyber Quest 2,Strategy,Cross-Platform,2024,Microsoft,2751.37,104.09,16.41,54,Yes,Stable
Neon Speed 2,Simulation,PlayStation,2018,Nintendo,2957.94,0.53,0.26,67,Yes,Declining
Battle Warriors 5,RPG,Nintendo Switch,2020,Nintendo,287.04,137.64,29.47,81,Yes,Rising
Cyber Quest 5,RPG,Mobile,2018,Ubisoft,3566.66,118.66,59.3,61,Yes,Declining
Galaxy Raiders 5,Shooter,PlayStation,2009,Nintendo,563.05,163.73,41.1,84,No,Declining
Zombie Outbreak 4,Horror,Nintendo Switch,2023,Capcom,2036.62,27.25,12,85,No,Declining
Legends of Valor 5,Action,Mobile,2005,Rockstar,1464.32,69.27,34.63,78,Yes,Stable
Neon Speed 4,Simulation,Xbox,2022,EA,1155.33,42.87,9.33,52,Yes,Rising
Neon Speed 1,Shooter,Nintendo Switch,2023,Rockstar,4201.66,124.05,22.96,54,No,Rising
Legends of Valor 5,RPG,Nintendo Switch,2010,Nintendo,2052.12,119.35,13.49,97,Yes,Rising
Galaxy Raiders 4,Sports,Cross-Platform,2023,Square Enix,270.9,53.62,26.22,70,No,Declining
Cyber Quest 3,Strategy,Cross-Platform,2014,Nintendo,1877.6,195.13,65.84,80,No,Declining
Warzone Chronicles 1,Strategy,Nintendo Switch,2008,Sony,3189.27,11.07,3.04,53,No,Declining
Pixel Odyssey 4,RPG,Mobile,2023,Sony,1496.56,11.03,4.76,89,No,Declining
Legends of Valor 3,Sports,PlayStation,2024,Activision,2997.99,160.98,35.83,78,Yes,Stable
Legends of Valor 1,Strategy,Xbox,2002,Activision,4443.1,145.57,47.85,95,Yes,Stable
Neon Speed 5,Fighting,Cross-Platform,2001,EA,3815.01,48.99,16.85,70,Yes,Stable
Battle Warriors 5,Strategy,PC,2007,Bandai Namco,3091.22,57.53,9.09,85,No,Declining
Legends of Valor 4,Strategy,PlayStation,2004,Ubisoft,3146.07,2.45,0.42,52,No,Rising
Neon Speed 1,Simulation,PC,2013,EA,4286.92,28.53,5.81,61,No,Declining
Zombie Outbreak 4,Strategy,Cross-Platform,2011,Ubisoft,4347.09,86.54,35.44,84,Yes,Stable
Neon Speed 2,RPG,PC,2023,EA,3859.23,30.02,11.34,52,Yes,Stable
Warzone Chronicles 5,Action,Cross-Platform,2017,Capcom,4291.91,175.62,46.28,55,No,Stable
Fantasy Rivals 3,Fighting,PC,2002,Ubisoft,4351.67,157.33,59.6,60,No,Declining
Legends of Valor 4,Adventure,Nintendo Switch,2018,Nintendo,2760.66,68.48,26.44,79,No,Declining
Pixel Odyssey 4,Racing,PlayStation,2014,Square Enix,585.35,177.44,88.16,94,Yes,Rising
Fantasy Rivals 3,Action,Nintendo Switch,2010,Nintendo,2079.71,170.42,54.67,67,No,Rising
Warzone Chronicles 2,Adventure,Mobile,2017,Sony,935.27,172.08,73.2,76,No,Rising
Pixel Odyssey 5,Action,Mobile,2011,Activision,2823.68,181.28,48.76,54,Yes,Stable
Pixel Odyssey 2,Racing,Cross-Platform,2000,Microsoft,1805.05,18.96,1.95,90,No,Stable
Cyber Quest 5,Strategy,Mobile,2012,Rockstar,379.11,95.03,43.52,60,No,Declining
Shadow Realms 2,Action,Nintendo Switch,2016,Ubisoft,3157.66,64.07,17.56,84,Yes,Stable
Zombie Outbreak 3,Simulation,Xbox,2023,Capcom,3786,11.68,4.4,73,No,Declining
Pixel Odyssey 5,Adventure,PlayStation,2024,Square Enix,3205.19,104.8,31.54,75,No,Declining
Cyber Quest 5,Sports,Mobile,2020,Activision,2140.45,68.57,23.59,82,Yes,Stable
Warzone Chronicles 3,Strategy,Xbox,2005,EA,4765.76,6.42,2.16,78,Yes,Declining
Battle Warriors 2,Fighting,PlayStation,2022,Activision,3400.24,34.36,6.93,94,No,Declining
Pixel Odyssey 2,Sports,Nintendo Switch,2017,Microsoft,3230.57,19.05,7.56,93,No,Declining
Galaxy Raiders 4,Shooter,Cross-Platform,2021,Capcom,1289.07,22.57,6.33,97,Yes,Rising
Neon Speed 3,Racing,Cross-Platform,2021,Rockstar,3931.49,92.76,42.02,100,Yes,Declining
Zombie Outbreak 2,Sports,Mobile,2006,Nintendo,4667.09,18.36,3.4,55,Yes,Stable
Galaxy Raiders 3,Shooter,PC,2006,Activision,3221.84,25.32,4.77,65,Yes,Declining
Zombie Outbreak 2,Horror,PlayStation,2009,EA,2812.23,102.86,11.21,69,Yes,Rising
Cyber Quest 2,RPG,Cross-Platform,2010,Activision,2580.48,20.18,9.24,77,Yes,Stable
Neon Speed 4,Sports,Xbox,2004,Square Enix,2822.11,190.7,25.88,61,No,Rising
Galaxy Raiders 4,Horror,PlayStation,2018,Activision,4475.03,20.14,3.59,64,Yes,Declining
Neon Speed 2,Simulation,PlayStation,2022,Bandai Namco,843.43,54.16,5.98,56,Yes,Rising
Battle Warriors 5,Strategy,Nintendo Switch,2012,Ubisoft,848.85,107.8,23.71,73,Yes,Declining
Zombie Outbreak 3,Racing,PlayStation,2003,Activision,1512.66,90.86,37.73,100,Yes,Rising
Battle Warriors 3,Horror,PlayStation,2011,Capcom,585.59,139.32,42.17,99,Yes,Stable
Shadow Realms 3,Simulation,Cross-Platform,2012,Capcom,1451.36,135.9,42.31,85,Yes,Declining
Galaxy Raiders 4,RPG,Mobile,2024,Capcom,4460.75,66.23,14.99,91,Yes,Declining
Fantasy Rivals 3,Shooter,Cross-Platform,2016,EA,741.12,150.23,51.06,81,No,Rising
Cyber Quest 2,Simulation,Nintendo Switch,2003,Ubisoft,369.94,68.16,33.05,55,Yes,Stable
Fantasy Rivals 5,Sports,Nintendo Switch,2004,Bandai Namco,4693.89,15.52,3.81,59,No,Rising
Galaxy Raiders 4,Shooter,Mobile,2006,Bandai Namco,1617.47,111.7,25.31,54,Yes,Stable
Cyber Quest 1,Adventure,PlayStation,2005,Microsoft,170.78,170.92,36.44,55,Yes,Stable
Neon Speed 2,Simulation,PlayStation,2024,Ubisoft,1170.81,59.23,11.85,76,Yes,Declining
Cyber Quest 5,Action,Cross-Platform,2016,Square Enix,2283.06,176.15,79.54,81,No,Declining
Fantasy Rivals 4,Strategy,Xbox,2006,Rockstar,1258.21,12.86,3.15,65,No,Stable
Galaxy Raiders 1,Sports,PlayStation,2022,Capcom,4787.53,78.69,10.06,65,No,Declining
Cyber Quest 1,Sports,Cross-Platform,2005,Rockstar,2972.73,104.09,36.64,59,Yes,Declining
Shadow Realms 5,RPG,Nintendo Switch,2019,Sony,1208.52,45.59,6.12,89,No,Declining
Neon Speed 1,Fighting,PC,2022,Square Enix,4196.82,130.45,53.51,85,Yes,Declining
Cyber Quest 1,Simulation,PC,2004,Capcom,1921.77,75.62,28.99,95,Yes,Declining
Shadow Realms 5,Simulation,Mobile,2014,Sony,2577.56,154.26,55.24,91,No,Stable
Pixel Odyssey 5,Racing,Xbox,2012,Ubisoft,3007.27,94.13,23.36,78,Yes,Rising
Shadow Realms 3,Simulation,Cross-Platform,2004,EA,2692.4,180.75,81.18,61,Yes,Declining
Legends of Valor 4,Racing,PlayStation,2008,Microsoft,1914.89,193.55,76.3,56,Yes,Rising
Warzone Chronicles 5,Simulation,PC,2003,Rockstar,2074.17,73.76,31.98,73,Yes,Stable
Cyber Quest 4,Sports,Nintendo Switch,2011,EA,4283.17,11.9,4.9,69,Yes,Declining
Legends of Valor 3,Strategy,PC,2016,Ubisoft,2045.2,164.91,38.31,52,No,Stable
Shadow Realms 5,Action,PlayStation,2020,Microsoft,3173.18,161.01,26.72,60,No,Rising
Battle Warriors 1,Strategy,Nintendo Switch,2018,Capcom,1729.06,17.51,4.16,91,Yes,Rising
Neon Speed 3,Shooter,Cross-Platform,2015,Rockstar,1475.85,163.52,42.55,87,No,Stable
Pixel Odyssey 1,Adventure,PlayStation,2004,Capcom,4561.85,16.41,4.27,90,No,Declining
Cyber Quest 3,Strategy,Nintendo Switch,2019,Microsoft,3974.27,158.26,21.68,67,No,Stable
Warzone Chronicles 2,Action,PC,2015,Rockstar,394.58,40.82,19.46,77,Yes,Rising
Galaxy Raiders 2,Adventure,Nintendo Switch,2009,Bandai Namco,72.25,168.1,48.78,74,No,Rising
Cyber Quest 2,Racing,PlayStation,2002,Bandai Namco,2752.47,92.87,20.33,84,No,Declining
Galaxy Raiders 4,Strategy,Xbox,2019,Ubisoft,2898.66,23.91,11.75,52,Yes,Rising
Zombie Outbreak 5,Horror,Xbox,2009,Sony,614.79,78.96,21.44,68,Yes,Declining
Cyber Quest 5,Fighting,PlayStation,2013,Capcom,2274.18,105.07,37.37,56,Yes,Rising
Battle Warriors 4,Adventure,PC,2008,Nintendo,4451.54,17.42,5.09,98,Yes,Declining
Cyber Quest 4,Strategy,Nintendo Switch,2020,Bandai Namco,4703.52,157.28,39.65,80,Yes,Stable
Legends of Valor 4,Simulation,Cross-Platform,2020,Rockstar,4513.56,170.97,20.91,100,Yes,Rising
Warzone Chronicles 5,Strategy,PlayStation,2008,Bandai Namco,178.22,189.9,90.33,69,Yes,Declining
Pixel Odyssey 4,Simulation,PlayStation,2022,EA,487.03,132.99,55.16,59,Yes,Declining
Pixel Odyssey 4,Racing,PlayStation,2003,EA,201.85,43.64,7.5,88,No,Declining
Neon Speed 4,Adventure,PC,2015,Nintendo,1506.28,193.17,39.22,51,Yes,Declining
Legends of Valor 2,Horror,Cross-Platform,2013,Nintendo,3628.47,124.94,47.49,72,Yes,Rising
Pixel Odyssey 2,Horror,Cross-Platform,2016,Ubisoft,1717.62,99.55,17.26,87,Yes,Declining
Warzone Chronicles 3,Horror,Xbox,2019,Ubisoft,3839.08,58.5,6.28,71,Yes,Rising
Zombie Outbreak 4,Fighting,PC,2024,Rockstar,4342.17,148.29,16.96,61,Yes,Rising
Pixel Odyssey 4,Adventure,Nintendo Switch,2013,Square Enix,2721.07,160.36,45.74,88,Yes,Rising
Pixel Odyssey 5,Sports,Cross-Platform,2005,Square Enix,1265.45,147.02,20.28,99,Yes,Stable
Legends of Valor 5,Strategy,Nintendo Switch,2014,Capcom,1518.45,67.65,13.68,94,Yes,Declining
Galaxy Raiders 1,Strategy,Cross-Platform,2018,Square Enix,4861.9,130.77,34.42,77,Yes,Rising
Battle Warriors 3,Sports,PC,2015,Rockstar,1234.98,143.83,65.68,66,Yes,Rising
Warzone Chronicles 3,Racing,Xbox,2022,Capcom,116.05,195.57,38.8,55,No,Declining
Cyber Quest 5,Horror,PC,2022,Ubisoft,1081.1,30.61,6.91,69,Yes,Declining
Pixel Odyssey 4,Shooter,PC,2005,EA,399.9,84.72,17.33,55,No,Declining
Zombie Outbreak 3,Fighting,PC,2022,Microsoft,2748.8,57.67,13.79,51,No,Declining
Pixel Odyssey 1,Fighting,Cross-Platform,2006,Square Enix,4621.58,114.58,27.11,77,Yes,Stable
Shadow Realms 2,Adventure,Mobile,2022,Rockstar,1861.2,8.75,0.92,81,Yes,Stable
Pixel Odyssey 3,Shooter,Nintendo Switch,2009,Nintendo,3927.19,95.84,34.5,72,Yes,Stable
Neon Speed 1,Shooter,Cross-Platform,2001,Sony,4008.94,123.67,25.94,92,Yes,Rising
Zombie Outbreak 4,Horror,Mobile,2024,Capcom,4235.73,188.64,43.65,80,Yes,Stable
Shadow Realms 3,Shooter,Cross-Platform,2001,Bandai Namco,2331.75,163.23,36.81,69,No,Rising
Pixel Odyssey 3,RPG,PC,2005,Sony,3398.51,40.94,8.44,53,No,Stable
Galaxy Raiders 5,Action,Nintendo Switch,2019,Microsoft,1594.84,56,10.44,83,Yes,Rising
Neon Speed 1,Adventure,PC,2015,Sony,4888.31,2.19,0.37,94,Yes,Declining
Neon Speed 2,Fighting,PlayStation,2017,Activision,3514,133.32,31.4,97,Yes,Declining
Neon Speed 4,Simulation,Xbox,2003,Ubisoft,669.3,154.72,34.32,100,No,Declining
Legends of Valor 1,Fighting,Mobile,2002,Sony,3845.38,150.52,26.4,75,Yes,Declining
Neon Speed 2,Horror,Xbox,2014,Square Enix,3713.63,149.79,59.73,51,No,Stable
Fantasy Rivals 3,Fighting,Xbox,2016,Sony,1459.85,194.3,94.91,60,Yes,Rising
Cyber Quest 3,Fighting,PC,2010,Capcom,39.35,72.5,25.58,98,No,Stable
Zombie Outbreak 3,Horror,PC,2023,Sony,4959.6,46.68,7.89,94,No,Rising
Shadow Realms 3,Shooter,Xbox,2009,Sony,2812.16,39.37,6.96,75,Yes,Stable
Pixel Odyssey 2,Shooter,Mobile,2004,Activision,3355.88,140.72,17.21,67,No,Rising
Battle Warriors 5,Fighting,Mobile,2014,Activision,3922.99,33.94,8.49,95,Yes,Rising
Warzone Chronicles 3,Adventure,Mobile,2007,Sony,2430.53,146.22,15.31,88,No,Rising
Warzone Chronicles 4,Shooter,Mobile,2021,Rockstar,4435.2,87.91,31.91,62,No,Declining
Zombie Outbreak 5,Racing,PC,2023,Activision,893.26,42.5,12.38,66,No,Rising
Pixel Odyssey 5,Shooter,Mobile,2007,Capcom,2661.22,101.63,26.24,57,Yes,Rising
Battle Warriors 5,Fighting,PC,2002,EA,2097.41,31.21,6.1,63,No,Stable
Battle Warriors 2,Racing,PlayStation,2000,Microsoft,3446,148.92,18.92,96,No,Stable
Pixel Odyssey 5,Shooter,Mobile,2006,EA,277.75,13.86,3.16,68,No,Declining
Fantasy Rivals 4,Action,PlayStation,2017,Rockstar,4702.66,5.52,0.89,90,No,Stable
Fantasy Rivals 4,Sports,Nintendo Switch,2020,Ubisoft,469.72,131.94,49.79,57,Yes,Declining
Warzone Chronicles 4,Simulation,Xbox,2003,Square Enix,4128.89,194.65,33.97,56,Yes,Declining
Zombie Outbreak 1,Shooter,Cross-Platform,2018,Nintendo,4048.7,19.93,9.07,57,No,Stable
Warzone Chronicles 5,Shooter,Xbox,2021,Activision,2591.08,29.68,12.53,96,Yes,Rising
Cyber Quest 3,Racing,PlayStation,2023,Microsoft,1824.45,85.8,14.87,71,Yes,Rising
Cyber Quest 4,Racing,Mobile,2007,Sony,1777.67,122.17,55.58,86,No,Declining
Battle Warriors 1,Horror,PlayStation,2014,Capcom,2735,62.32,25.37,87,Yes,Declining
Galaxy Raiders 1,Horror,Nintendo Switch,2019,Square Enix,2994.46,195.26,43.38,86,Yes,Rising
Fantasy Rivals 3,Sports,Cross-Platform,2022,Square Enix,733.18,141.07,51.27,78,Yes,Rising
Fantasy Rivals 5,Action,Mobile,2017,Ubisoft,2076.56,122.57,40.51,98,No,Stable
Galaxy Raiders 3,Strategy,PC,2006,Activision,2497.35,177.9,23.12,56,Yes,Stable
Neon Speed 4,RPG,PC,2002,Capcom,2178.12,74.01,34.41,53,Yes,Declining
Legends of Valor 3,Shooter,Nintendo Switch,2020,Sony,2431.53,171.39,42.59,61,Yes,Declining
Pixel Odyssey 1,Shooter,Xbox,2008,Bandai Namco,1908.55,5.93,0.99,75,No,Rising
Fantasy Rivals 2,Fighting,PlayStation,2007,Nintendo,1059.71,137.41,62.87,61,Yes,Rising
Galaxy Raiders 2,Racing,PlayStation,2022,Microsoft,1149.05,81.79,18.85,91,No,Stable
Neon Speed 1,Strategy,PC,2011,EA,4703.02,19.02,8.18,75,No,Declining
Legends of Valor 4,Racing,Xbox,2011,Bandai Namco,3063.31,155.56,73.23,97,No,Rising
Legends of Valor 5,Action,PC,2017,Sony,1370.5,75.16,19.25,96,No,Stable
Fantasy Rivals 4,Action,Xbox,2000,EA,3986.24,3.01,1.21,74,No,Declining
Battle Warriors 1,Shooter,Nintendo Switch,2004,Rockstar,508.62,145.71,25.81,59,Yes,Stable
Zombie Outbreak 5,Racing,Mobile,2019,Rockstar,558.25,106.03,51.7,88,Yes,Declining
Neon Speed 1,Fighting,Xbox,2016,Activision,1702.22,9.13,1.91,76,No,Rising
Fantasy Rivals 4,Horror,Mobile,2020,Sony,4268.1,176.34,48.31,88,Yes,Rising
Pixel Odyssey 4,Horror,Xbox,2019,Microsoft,581.33,42.51,16.31,56,No,Rising
Warzone Chronicles 4,Action,Nintendo Switch,2010,Capcom,3296.15,33.05,9.69,59,No,Rising
Warzone Chronicles 3,Racing,PlayStation,2007,Activision,4842.6,129.81,18.85,59,No,Declining
Galaxy Raiders 2,Strategy,PC,2002,Microsoft,2416.96,181.27,57.57,94,Yes,Stable
Zombie Outbreak 3,Shooter,Cross-Platform,2009,Activision,4651.15,136.1,19.99,79,No,Stable
Warzone Chronicles 1,Sports,PlayStation,2003,Bandai Namco,2693.54,57.53,26.41,93,Yes,Declining
Cyber Quest 5,RPG,PlayStation,2005,Rockstar,2541.1,192.96,94.83,81,No,Declining
Shadow Realms 2,Simulation,PC,2014,Capcom,3288.8,4.84,1.73,86,Yes,Rising
Battle Warriors 3,Action,PC,2007,Microsoft,4823.63,37.75,14.67,79,No,Rising
Shadow Realms 1,Fighting,Nintendo Switch,2013,Activision,4824.91,27.79,10.32,96,No,Rising
Shadow Realms 1,RPG,Cross-Platform,2017,Activision,4804.78,169.51,27.3,80,Yes,Stable
Shadow Realms 5,Racing,PlayStation,2018,Nintendo,2512.3,11.83,2.39,66,No,Declining
Battle Warriors 1,Adventure,Cross-Platform,2013,Ubisoft,4026.2,194.62,68.12,62,Yes,Declining
Legends of Valor 3,RPG,Mobile,2018,Sony,3653.28,91.1,33.48,53,Yes,Stable
Legends of Valor 1,Fighting,PC,2006,Activision,1861.63,188.87,80.24,86,Yes,Stable
Battle Warriors 4,Simulation,Nintendo Switch,2022,Rockstar,4550.8,166.94,71.56,88,No,Declining
Cyber Quest 2,Racing,Nintendo Switch,2021,Bandai Namco,2898.09,159.43,61.92,81,Yes,Declining
Cyber Quest 5,Strategy,Xbox,2013,Rockstar,2376.51,91.23,42.51,58,Yes,Declining
Legends of Valor 2,Action,Xbox,2017,Microsoft,4035.59,187.14,59.48,84,Yes,Stable
Cyber Quest 1,RPG,PlayStation,2010,Bandai Namco,2776.39,31.03,14.42,69,Yes,Declining
Legends of Valor 2,Action,Nintendo Switch,2013,Bandai Namco,4669.36,84.94,35.36,93,Yes,Rising
Battle Warriors 5,Horror,PC,2018,Nintendo,3231.17,18.83,8.81,77,Yes,Rising
Pixel Odyssey 2,Fighting,Cross-Platform,2020,Bandai Namco,3170.14,155,58.75,81,No,Declining
Warzone Chronicles 2,Sports,Nintendo Switch,2020,Activision,4235.37,128.47,18.2,80,Yes,Rising
Pixel Odyssey 1,Horror,PC,2013,Microsoft,4585.27,99.7,25.53,81,No,Stable
Galaxy Raiders 2,Strategy,PC,2010,EA,1655.8,183.29,80.95,94,No,Rising
Battle Warriors 5,Fighting,Mobile,2013,Activision,1046.11,143.76,35.29,53,No,Declining
Galaxy Raiders 3,Adventure,Cross-Platform,2023,Bandai Namco,3946.72,107.94,34.96,82,No,Declining
Battle Warriors 3,RPG,Xbox,2000,Sony,3928.96,33.84,12,96,No,Declining
Fantasy Rivals 2,Racing,Nintendo Switch,2000,Microsoft,4822.78,63.76,15.16,88,No,Rising
Cyber Quest 5,Action,Cross-Platform,2008,EA,489.31,95.09,25.14,51,No,Stable
Pixel Odyssey 4,Fighting,Nintendo Switch,2006,Rockstar,511.07,88.72,34.29,76,No,Declining
Cyber Quest 4,Fighting,Cross-Platform,2002,Ubisoft,936.37,164.38,61.54,84,Yes,Stable
Cyber Quest 4,Strategy,Mobile,2013,Bandai Namco,569.83,73.17,15.33,79,No,Rising
Shadow Realms 3,Action,Cross-Platform,2013,Sony,3391.28,108.23,21.67,54,Yes,Rising
Neon Speed 4,RPG,Nintendo Switch,2005,Microsoft,4879.66,118.03,20.93,55,Yes,Rising
Pixel Odyssey 1,Shooter,PC,2010,Ubisoft,3540.96,163.54,30.9,91,No,Stable
Battle Warriors 3,Action,Nintendo Switch,2009,Square Enix,3470.2,163.3,29.77,61,No,Declining
Battle Warriors 5,Simulation,PC,2014,Ubisoft,279.16,38.2,15.89,86,Yes,Stable
Warzone Chronicles 1,Strategy,Nintendo Switch,2024,Microsoft,3120.8,138.31,62.91,89,No,Stable
Cyber Quest 4,RPG,Xbox,2017,EA,3742.37,127.94,57.13,73,No,Stable
Warzone Chronicles 1,Simulation,Mobile,2005,Rockstar,1516.68,130.22,36.72,99,No,Declining
Shadow Realms 3,RPG,Cross-Platform,2021,Rockstar,28.13,3.52,1.17,92,No,Stable
Neon Speed 4,Fighting,PC,2023,Capcom,1360.26,82.31,14.53,92,No,Rising
Legends of Valor 2,Strategy,Nintendo Switch,2019,Rockstar,1047.15,10.32,2.29,95,No,Stable
Zombie Outbreak 5,Simulation,Xbox,2003,Capcom,2424.89,181.94,48.29,54,No,Declining
Legends of Valor 3,Fighting,PlayStation,2005,Nintendo,1024.6,152.37,34.11,54,No,Rising
Pixel Odyssey 4,RPG,PC,2021,Bandai Namco,4287.86,169.49,58.35,52,Yes,Rising
Cyber Quest 3,RPG,Cross-Platform,2013,Sony,2182.92,131.61,63.95,65,No,Rising
Cyber Quest 1,RPG,Cross-Platform,2011,Capcom,3078.75,71.3,17.17,99,Yes,Stable
Zombie Outbreak 1,Horror,Xbox,2013,Microsoft,2757.86,53.7,17.52,54,No,Rising
Legends of Valor 3,Fighting,PlayStation,2007,Ubisoft,3670.97,155.82,24.79,81,Yes,Declining
Zombie Outbreak 4,Sports,Cross-Platform,2016,Nintendo,3460.76,198.81,80.1,81,Yes,Rising
Legends of Valor 1,RPG,Mobile,2005,Capcom,4511.73,64.35,23.76,84,Yes,Declining
Galaxy Raiders 5,Shooter,Nintendo Switch,2002,Activision,33.56,179.19,86.99,78,No,Stable
Legends of Valor 2,Action,Cross-Platform,2004,Capcom,18.02,93.52,44.28,75,Yes,Declining
Cyber Quest 1,Horror,PlayStation,2004,Square Enix,2386.14,171.22,32.94,77,No,Declining
Galaxy Raiders 1,Fighting,Nintendo Switch,2020,Rockstar,773.84,184.39,77.94,68,No,Declining
Warzone Chronicles 2,Sports,Cross-Platform,2024,Capcom,456.03,175.4,70.5,87,Yes,Declining
Legends of Valor 4,Sports,Mobile,2018,EA,592.41,46.98,11.31,60,Yes,Stable
Legends of Valor 4,Horror,PC,2018,Microsoft,99.06,177.45,80.79,96,No,Declining
Shadow Realms 1,Action,Mobile,2016,Microsoft,869.95,128.95,23.1,64,Yes,Rising
Cyber Quest 1,Racing,Mobile,2013,EA,329.11,91.13,18.94,57,Yes,Declining
Legends of Valor 2,Racing,Xbox,2003,Square Enix,1610.44,51.15,16.52,69,No,Stable
Warzone Chronicles 4,Sports,Mobile,2004,Sony,1663.1,10.49,3.88,72,No,Rising
Fantasy Rivals 2,Sports,Cross-Platform,2018,Nintendo,3614.87,176.64,41.53,64,No,Stable
Legends of Valor 2,Racing,Nintendo Switch,2012,EA,909.51,176.02,24.51,63,No,Declining
Galaxy Raiders 1,Action,Mobile,2002,Nintendo,4940.36,166.91,82.86,56,No,Stable
Zombie Outbreak 4,Fighting,Cross-Platform,2013,Square Enix,1866.58,4.61,0.47,53,No,Stable
Fantasy Rivals 3,Action,Cross-Platform,2001,EA,2995.25,60.71,12.9,73,No,Declining
Cyber Quest 3,Adventure,Xbox,2022,Sony,3143.37,25.2,9.26,56,Yes,Stable
Neon Speed 4,Fighting,Xbox,2018,EA,4705.8,105.49,47.5,84,Yes,Rising
Pixel Odyssey 1,Strategy,Xbox,2021,Sony,4123.78,127.74,47.47,57,No,Stable
Battle Warriors 3,Sports,PlayStation,2014,Rockstar,1456.65,164.87,73.45,62,Yes,Rising
Zombie Outbreak 3,Simulation,Nintendo Switch,2001,Nintendo,3199.95,163.33,23.78,76,Yes,Declining
Battle Warriors 3,Horror,PC,2002,Bandai Namco,1652.34,92.69,39.56,71,Yes,Rising
Galaxy Raiders 2,RPG,PlayStation,2013,Activision,873.38,17.22,6.5,67,Yes,Declining
Warzone Chronicles 5,Racing,PC,2022,Microsoft,2234,127.76,30.52,64,No,Rising
Warzone Chronicles 3,Racing,PC,2007,Bandai Namco,4805.99,104.08,11.18,96,No,Rising
Pixel Odyssey 1,Simulation,PC,2017,EA,3832.59,172.42,69.62,60,Yes,Rising
Legends of Valor 4,Strategy,Cross-Platform,2000,Activision,1080,193.98,74.19,72,No,Stable
Warzone Chronicles 1,Shooter,Cross-Platform,2019,Microsoft,1719.73,152.31,60.7,82,No,Rising
Warzone Chronicles 3,Action,Nintendo Switch,2006,Microsoft,627.68,19.9,6.17,59,No,Rising
Pixel Odyssey 4,Sports,PlayStation,2018,Ubisoft,2715.28,34.82,8.55,73,No,Declining
Warzone Chronicles 1,Fighting,Nintendo Switch,2015,Sony,984.44,145.15,21.12,84,No,Rising
Warzone Chronicles 1,RPG,PC,2015,Ubisoft,3831.71,95.49,22.29,81,Yes,Declining
Pixel Odyssey 5,Action,Mobile,2014,Activision,537.71,71.61,17.39,63,Yes,Rising
Zombie Outbreak 1,Action,Xbox,2012,Sony,470.61,134.2,16.07,78,Yes,Declining
Fantasy Rivals 1,Action,Xbox,2010,Activision,1684.21,118.87,54.92,77,Yes,Rising
Pixel Odyssey 2,Sports,PC,2003,Sony,2807.97,10,4.49,77,Yes,Declining
Warzone Chronicles 1,Shooter,PC,2008,Ubisoft,963.22,129.14,40.46,100,Yes,Declining
Battle Warriors 3,Simulation,PC,2014,EA,2807.46,186.7,70.91,97,No,Declining
Warzone Chronicles 1,Shooter,Xbox,2014,Rockstar,1650.28,139.38,23.61,78,Yes,Declining
Fantasy Rivals 2,Shooter,PC,2007,Sony,2690.57,164.85,70.99,85,No,Rising
Fantasy Rivals 4,Sports,PlayStation,2009,Rockstar,180.69,55.45,20.4,83,Yes,Stable
Battle Warriors 1,Racing,PC,2020,Rockstar,2490.86,90,26.44,90,No,Declining
Battle Warriors 3,Horror,PlayStation,2012,EA,3984.64,143.22,17.64,97,No,Declining
Shadow Realms 2,Adventure,PC,2009,Bandai Namco,731.63,37.02,5.58,99,No,Declining
Legends of Valor 3,Racing,PlayStation,2007,EA,430.37,136.86,38.1,85,Yes,Stable
Cyber Quest 1,RPG,PC,2014,Rockstar,2708.71,135.06,33.92,70,No,Declining
Legends of Valor 5,Racing,Mobile,2008,Capcom,3942.58,142.01,54.82,83,No,Rising
Pixel Odyssey 2,Sports,Nintendo Switch,2008,Capcom,3264.66,34.83,13.03,64,No,Rising
Galaxy Raiders 2,Racing,Mobile,2000,Capcom,2510.54,129.24,30.51,87,No,Declining
Zombie Outbreak 4,Action,Xbox,2013,Capcom,1140.13,134.24,16.48,73,No,Stable
Neon Speed 2,Action,Nintendo Switch,2020,Microsoft,3881.76,33.52,9.96,93,No,Stable
Legends of Valor 2,RPG,Xbox,2011,Ubisoft,3908.92,101.64,23.88,62,No,Stable
Galaxy Raiders 3,Racing,PlayStation,2020,Bandai Namco,3077.33,169.29,77.4,81,No,Declining
Warzone Chronicles 4,Fighting,PC,2009,Nintendo,4558.86,162.59,78.85,91,No,Rising
Fantasy Rivals 2,Sports,Nintendo Switch,2006,Square Enix,117.27,23.72,4.75,52,Yes,Stable
Pixel Odyssey 5,Shooter,Nintendo Switch,2012,Activision,4502.6,131.12,40.67,68,No,Declining
Warzone Chronicles 5,Racing,Cross-Platform,2000,Nintendo,745.16,46.66,19.42,94,No,Rising
Cyber Quest 3,Action,Cross-Platform,2006,Activision,2470.32,189.76,55.95,65,No,Rising
Fantasy Rivals 4,Adventure,Mobile,2013,Microsoft,2107.7,105.83,46.14,88,No,Declining
Warzone Chronicles 3,Adventure,Mobile,2014,Rockstar,2142.62,144.43,27.65,66,Yes,Declining
Warzone Chronicles 5,Shooter,Cross-Platform,2008,Microsoft,3766.48,118.14,45.57,96,Yes,Stable
Legends of Valor 5,Strategy,Mobile,2004,Capcom,3343.07,27.06,3.14,81,Yes,Declining
Pixel Odyssey 1,Simulation,Nintendo Switch,2001,Ubisoft,4617.65,22.27,7.89,89,Yes,Stable
Fantasy Rivals 2,Simulation,Cross-Platform,2018,EA,381.24,186.92,89.38,85,No,Declining
Pixel Odyssey 5,Strategy,Cross-Platform,2005,Sony,4095.62,104.95,10.54,96,Yes,Stable
Warzone Chronicles 5,Fighting,PC,2000,Sony,3480.2,159.92,18.35,51,No,Declining
Zombie Outbreak 1,Sports,Mobile,2000,EA,846.7,9.8,3.83,64,No,Rising
Shadow Realms 2,Action,Xbox,2020,Square Enix,2219.7,198.56,92.82,83,Yes,Declining
Cyber Quest 3,Sports,PlayStation,2024,Activision,419.36,36.81,7.64,96,Yes,Rising
Legends of Valor 3,Shooter,Xbox,2022,Sony,652.89,60.51,12.62,79,Yes,Declining
Pixel Odyssey 5,Racing,Mobile,2019,Square Enix,380.63,107.01,28.95,51,No,Declining
Zombie Outbreak 4,Horror,Cross-Platform,2010,Rockstar,2483.96,22.74,8.23,89,Yes,Stable
Warzone Chronicles 3,Horror,Nintendo Switch,2005,Microsoft,3934.37,45.76,11.48,52,No,Stable
Galaxy Raiders 2,Horror,PC,2018,Square Enix,2522.81,52.38,11.38,62,No,Rising
Warzone Chronicles 5,Fighting,Nintendo Switch,2024,Microsoft,1872.55,4.37,0.55,100,No,Rising
Galaxy Raiders 1,Strategy,Nintendo Switch,2023,Square Enix,3949.61,34.23,15.25,56,No,Rising
Fantasy Rivals 3,Action,PC,2017,Ubisoft,132.5,66.06,20.69,70,No,Declining
Battle Warriors 3,Simulation,PlayStation,2016,Ubisoft,866.49,153.2,38.57,56,Yes,Rising
Legends of Valor 2,Shooter,PC,2000,Nintendo,381.3,142.49,71.09,78,Yes,Declining
Pixel Odyssey 3,Action,Xbox,2023,Nintendo,1966.71,128.76,18.38,84,Yes,Rising
Battle Warriors 3,Simulation,Nintendo Switch,2016,Bandai Namco,4703,26.44,4.58,54,No,Rising
Legends of Valor 3,Sports,PC,2014,Ubisoft,1378.89,79.81,9.23,58,Yes,Rising
Pixel Odyssey 1,Sports,Xbox,2015,Activision,122.94,193.35,70.92,61,No,Stable
Legends of Valor 2,Sports,Mobile,2007,Bandai Namco,3664.48,26.31,6.07,73,Yes,Rising
Fantasy Rivals 5,Shooter,PC,2020,Ubisoft,376.81,72.72,8.53,77,Yes,Declining
Legends of Valor 5,Racing,Mobile,2013,EA,4399.93,8.29,1.56,63,No,Rising
Galaxy Raiders 3,RPG,Xbox,2010,Rockstar,4703.25,174.65,79.21,97,No,Stable
Pixel Odyssey 1,Action,Nintendo Switch,2015,Microsoft,2877.65,128.05,51.84,70,No,Rising
Cyber Quest 3,Sports,PC,2021,Activision,2421.8,152.3,64.83,78,Yes,Declining
Pixel Odyssey 3,Shooter,PC,2012,Sony,229.98,32.4,13.57,79,Yes,Declining
Shadow Realms 4,Sports,Cross-Platform,2004,Ubisoft,60.28,7.21,2.3,56,No,Rising
Shadow Realms 2,Strategy,Nintendo Switch,2015,Rockstar,3272.59,6.32,2.68,63,Yes,Stable
Warzone Chronicles 3,Adventure,PC,2006,Rockstar,2686.01,148.23,56.56,78,Yes,Stable
Warzone Chronicles 4,Shooter,Nintendo Switch,2008,Sony,2088.69,21.93,4.78,63,No,Declining
Warzone Chronicles 1,Shooter,Nintendo Switch,2022,Sony,1464.74,126.93,55.39,57,No,Rising
Legends of Valor 5,Strategy,Cross-Platform,2008,Ubisoft,1615.52,13.94,6.36,80,No,Stable
Legends of Valor 4,Fighting,Cross-Platform,2001,Bandai Namco,1661.66,122.27,29.54,90,Yes,Stable
Shadow Realms 1,Action,PC,2002,Microsoft,1263.42,33.81,13.39,69,Yes,Rising
Neon Speed 3,Strategy,Cross-Platform,2007,Rockstar,3844.61,165.52,34.44,50,No,Rising
Fantasy Rivals 5,Racing,Cross-Platform,2016,Capcom,4515.61,104.25,45.98,73,Yes,Declining
Fantasy Rivals 3,Shooter,Nintendo Switch,2011,Square Enix,2140.48,16.58,4.72,90,Yes,Declining
Zombie Outbreak 5,Strategy,Cross-Platform,2010,Capcom,1057.19,67.81,15.25,90,Yes,Rising
Neon Speed 1,Shooter,Mobile,2000,Sony,4380.61,18.11,8.79,79,No,Declining
Neon Speed 1,RPG,Nintendo Switch,2014,Square Enix,3994.55,125.87,53.82,68,No,Declining
Battle Warriors 5,Horror,Xbox,2004,Capcom,2119,137.69,60.62,86,No,Stable
Pixel Odyssey 3,Racing,Mobile,2021,Ubisoft,1325.32,4.17,0.69,93,Yes,Rising
Warzone Chronicles 1,Horror,Nintendo Switch,2000,Ubisoft,2654.16,174.49,22.38,53,Yes,Stable
Neon Speed 5,Adventure,Xbox,2023,Sony,3695.79,185.68,78.28,87,Yes,Stable
Zombie Outbreak 1,RPG,PC,2011,Microsoft,441.08,158.38,69.47,77,No,Rising
Galaxy Raiders 4,Strategy,Cross-Platform,2012,Sony,910.79,12.02,4.61,99,No,Stable
Fantasy Rivals 2,Horror,Xbox,2010,Capcom,4993.36,56.21,11.58,52,No,Rising
Pixel Odyssey 4,Shooter,PlayStation,2017,Capcom,4414.07,71.37,27.38,91,Yes,Rising
Fantasy Rivals 4,Sports,PC,2019,Capcom,1326.91,110.61,32.7,57,Yes,Rising
Battle Warriors 5,Strategy,PC,2014,Ubisoft,749.43,187.19,30.51,73,Yes,Rising
Shadow Realms 2,Strategy,PC,2015,Bandai Namco,1048.8,166.51,22.88,51,Yes,Declining
Pixel Odyssey 2,Adventure,Nintendo Switch,2003,Rockstar,2331.31,0.87,0.28,77,Yes,Stable
Fantasy Rivals 4,Fighting,PC,2004,Nintendo,686.62,137.46,39.54,78,Yes,Rising
Galaxy Raiders 4,Strategy,Cross-Platform,2006,Activision,2175.33,160.41,47.47,50,No,Stable
Fantasy Rivals 1,Adventure,Nintendo Switch,2015,Bandai Namco,3700.63,64.01,31.14,99,No,Rising
Battle Warriors 3,Simulation,Mobile,2003,Nintendo,4530.21,172.66,29.93,64,Yes,Declining
Pixel Odyssey 2,Adventure,Mobile,2004,Rockstar,107.49,59.82,19.55,82,No,Declining
Zombie Outbreak 5,Simulation,PlayStation,2019,Square Enix,548.32,3.3,1.57,82,No,Rising
Battle Warriors 3,Action,Nintendo Switch,2007,Microsoft,2967.75,199.6,32.05,62,Yes,Declining
Battle Warriors 1,RPG,Xbox,2007,Bandai Namco,3022.01,180.17,29.3,73,Yes,Rising
Battle Warriors 1,RPG,Mobile,2018,Ubisoft,2880.79,102.46,19.26,85,Yes,Stable
Shadow Realms 1,Adventure,PC,2006,Square Enix,2865.95,30.72,8.95,99,No,Stable
Zombie Outbreak 3,Fighting,Cross-Platform,2000,Ubisoft,2170.46,155.2,74.51,57,Yes,Declining
Fantasy Rivals 1,Simulation,Nintendo Switch,2007,Capcom,1431.84,186.91,27.58,97,Yes,Stable
Legends of Valor 1,Adventure,Cross-Platform,2012,EA,2998.32,114.74,30.27,96,Yes,Rising
Warzone Chronicles 5,Horror,PlayStation,2014,Ubisoft,3407.34,199.98,33.65,53,No,Rising
Warzone Chronicles 4,Action,Mobile,2017,Nintendo,31.37,125.09,46.93,61,Yes,Declining
Cyber Quest 1,Sports,Cross-Platform,2010,Microsoft,1792.19,55.63,6.46,81,Yes,Stable
Shadow Realms 4,Simulation,Nintendo Switch,2001,Nintendo,3330.57,46.01,13.15,80,No,Stable
Zombie Outbreak 4,Racing,Cross-Platform,2022,Sony,3264.36,162.87,42.79,83,No,Stable
Legends of Valor 1,Shooter,PlayStation,2001,Activision,288.57,52.38,12.53,63,Yes,Rising
Neon Speed 5,Simulation,Cross-Platform,2001,Sony,4133.32,3.54,1.25,84,No,Rising
Fantasy Rivals 2,Adventure,PC,2010,Rockstar,4273.35,111.61,33.7,72,Yes,Declining
Galaxy Raiders 5,Strategy,Nintendo Switch,2008,Rockstar,4254.82,63.83,24.79,96,Yes,Stable
Neon Speed 3,Strategy,Xbox,2005,Activision,3297.65,127.95,23.44,68,No,Rising
Galaxy Raiders 4,RPG,PC,2004,Nintendo,2389.71,37.15,17.59,82,Yes,Declining
Cyber Quest 3,Strategy,Cross-Platform,2023,Square Enix,2767.99,180.31,67.49,53,Yes,Rising
Zombie Outbreak 4,Simulation,PC,2020,EA,1948.88,160.53,44.11,52,No,Rising
Fantasy Rivals 1,Adventure,Mobile,2009,EA,2190.73,53.12,20.56,89,No,Rising
Neon Speed 4,Strategy,Nintendo Switch,2022,Activision,4568.11,167.92,27.88,77,No,Declining
Zombie Outbreak 1,Shooter,PC,2016,EA,3184.32,11.39,4.21,85,Yes,Stable
Neon Speed 5,Adventure,PlayStation,2012,Nintendo,1945.09,122.12,50.84,80,No,Rising
Battle Warriors 2,Action,PlayStation,2015,Nintendo,3913.37,191.42,77.12,74,No,Declining
Warzone Chronicles 4,Horror,Mobile,2013,Sony,4350.57,18.53,3.02,80,Yes,Rising
Galaxy Raiders 2,Simulation,Nintendo Switch,2006,Rockstar,892.67,78.61,32.36,56,No,Stable
Galaxy Raiders 5,Sports,PlayStation,2024,Sony,2853.43,160.36,34.36,70,No,Stable
Warzone Chronicles 1,Action,Mobile,2001,Sony,1678.31,40.93,18.93,95,No,Declining
Cyber Quest 3,RPG,Cross-Platform,2008,Sony,1545,37.88,14.22,54,No,Declining
Shadow Realms 3,Shooter,Xbox,2013,Rockstar,4183.97,86.33,26.6,68,Yes,Stable
Warzone Chronicles 2,Shooter,Nintendo Switch,2024,EA,3126.44,50.66,10.62,88,Yes,Stable
Cyber Quest 3,Sports,Nintendo Switch,2003,Bandai Namco,3417.96,31.73,12.1,76,No,Rising
Cyber Quest 4,Racing,Nintendo Switch,2005,Bandai Namco,374.11,149.51,44.32,86,No,Declining
Battle Warriors 5,Fighting,PC,2000,Rockstar,2040.85,166.01,50.85,82,No,Rising
Battle Warriors 1,RPG,Cross-Platform,2002,Capcom,4505.27,37.71,17.19,93,Yes,Rising
Cyber Quest 2,Simulation,PlayStation,2001,Sony,2125.51,165.5,23.36,63,No,Declining
Cyber Quest 5,Racing,Nintendo Switch,2012,Capcom,1782.24,51.14,6.99,86,No,Stable
Fantasy Rivals 4,Action,Cross-Platform,2019,Rockstar,2405.73,19.42,8,83,No,Rising
Legends of Valor 2,Racing,Xbox,2022,Microsoft,1609.6,81.06,31.46,54,Yes,Rising
Battle Warriors 5,Action,PlayStation,2022,Activision,4486.07,133.99,37,74,No,Rising
Galaxy Raiders 5,Fighting,PlayStation,2023,EA,3185.5,175.88,80.79,90,Yes,Rising
Battle Warriors 1,Simulation,PlayStation,2002,Sony,2360.91,36.2,12.27,71,No,Rising
Pixel Odyssey 1,Action,PC,2023,Microsoft,653.18,118.68,41.95,88,Yes,Stable
Zombie Outbreak 3,Strategy,Nintendo Switch,2008,Microsoft,1493.32,77.44,17.77,89,Yes,Declining
Battle Warriors 5,Sports,PC,2008,Sony,4238.34,90.47,44.1,60,Yes,Declining
Fantasy Rivals 3,Simulation,PC,2015,Nintendo,1272.7,34.54,16.11,98,Yes,Stable
Battle Warriors 4,Strategy,PC,2006,EA,3517.82,73.6,10.91,90,Yes,Declining
Cyber Quest 2,Adventure,Cross-Platform,2000,Activision,2657.88,112.92,25.93,66,No,Rising
Legends of Valor 3,Action,Mobile,2012,Ubisoft,3887.54,117.63,37.61,81,Yes,Declining
Warzone Chronicles 2,RPG,PC,2008,Microsoft,1769.08,24.57,11.04,100,No,Declining
Cyber Quest 2,Sports,Cross-Platform,2006,EA,3568.08,198.15,77.55,65,Yes,Declining
Pixel Odyssey 4,Horror,PlayStation,2006,Square Enix,1922.74,88.19,10.95,95,Yes,Stable
Legends of Valor 3,Simulation,PlayStation,2014,Nintendo,1312.13,93.75,11.63,93,No,Stable
Neon Speed 5,Sports,PlayStation,2004,Microsoft,3725.52,126.98,50.41,56,Yes,Stable
Shadow Realms 5,Simulation,Cross-Platform,2011,Ubisoft,2363.21,196.6,82.69,56,No,Declining
Fantasy Rivals 1,Racing,Mobile,2012,Capcom,3226.76,165.78,41.94,99,No,Rising
Legends of Valor 2,Adventure,Xbox,2000,Microsoft,4030.54,3.73,0.77,90,No,Stable
Fantasy Rivals 2,Fighting,PlayStation,2001,Bandai Namco,2070.13,177.35,25.8,70,Yes,Stable
Battle Warriors 2,Simulation,Xbox,2006,Nintendo,3611.1,121.95,31.25,61,Yes,Stable
Galaxy Raiders 4,Sports,Cross-Platform,2010,Capcom,1556.09,175.61,34.75,77,No,Rising
Warzone Chronicles 5,Sports,Mobile,2008,Sony,3221.47,43.01,11.79,70,No,Stable
Cyber Quest 2,Simulation,PC,2021,Ubisoft,3227.59,161.64,44.35,96,No,Stable
Zombie Outbreak 1,Fighting,PC,2018,Microsoft,4476.53,197.3,20.64,80,Yes,Declining
Galaxy Raiders 3,Sports,PC,2015,Microsoft,1463.88,166.29,68.22,93,No,Rising
Warzone Chronicles 5,Racing,Cross-Platform,2013,Nintendo,3986.48,18.24,6.52,74,Yes,Stable
Zombie Outbreak 1,Horror,Xbox,2017,Rockstar,2156.54,164.39,75.36,93,Yes,Stable
Shadow Realms 4,Fighting,PlayStation,2001,Capcom,3881.82,185.98,79.83,98,Yes,Declining
Shadow Realms 3,Action,Mobile,2007,Activision,1206.25,17.86,2.21,59,No,Declining
Warzone Chronicles 3,Racing,PC,2009,Square Enix,3969.03,149.83,19.77,89,No,Stable
Battle Warriors 1,Strategy,Nintendo Switch,2024,Activision,982.79,62.32,14.77,50,Yes,Stable
Galaxy Raiders 5,Fighting,Cross-Platform,2009,Activision,1707.73,97.17,33.17,80,No,Stable
Fantasy Rivals 2,Strategy,PlayStation,2013,Square Enix,2574.88,112.16,27.57,96,No,Stable
Battle Warriors 3,RPG,Mobile,2019,Microsoft,3980.77,183.06,74.37,83,No,Declining
Warzone Chronicles 4,Fighting,Mobile,2019,Rockstar,4202.02,123.5,23.47,66,Yes,Rising
Shadow Realms 2,Sports,Nintendo Switch,2020,Bandai Namco,848.23,130.87,58.51,63,Yes,Stable
Neon Speed 4,Simulation,PC,2006,Ubisoft,50.09,176.32,33.67,91,No,Rising
Neon Speed 3,Strategy,PC,2011,Rockstar,2115.08,116.11,43.65,62,No,Rising
Pixel Odyssey 4,RPG,PlayStation,2007,Sony,2948.96,121.53,44.38,92,No,Stable
Warzone Chronicles 4,Adventure,Mobile,2007,Capcom,2908.6,178.19,74.04,69,No,Stable
Battle Warriors 3,Adventure,Nintendo Switch,2023,Rockstar,3170.64,16.48,7.01,74,Yes,Rising
Fantasy Rivals 1,Racing,PlayStation,2008,Sony,3407.79,139.09,62.89,91,No,Stable
Zombie Outbreak 5,Action,Xbox,2007,Sony,646.34,103.66,36.97,71,No,Rising
Galaxy Raiders 3,Sports,Xbox,2015,Nintendo,4135.72,162.66,33.02,83,No,Declining
Cyber Quest 1,Adventure,PC,2011,Square Enix,1151.8,78.13,29.64,88,Yes,Declining
Pixel Odyssey 1,Action,Xbox,2017,Nintendo,3197.55,70.15,20.8,93,Yes,Declining
Cyber Quest 3,Horror,Cross-Platform,2010,Rockstar,202.69,90.93,16.35,57,No,Declining
Zombie Outbreak 1,Strategy,Nintendo Switch,2008,Activision,2290.82,105.35,50.81,71,Yes,Rising
Shadow Realms 4,Strategy,Xbox,2006,Capcom,579.17,151.51,58.77,97,No,Stable
Fantasy Rivals 2,Simulation,Cross-Platform,2010,Microsoft,2328.81,66.79,17.2,76,No,Stable
Zombie Outbreak 2,Sports,PC,2006,Rockstar,1956.83,31.07,11.31,82,Yes,Rising
Battle Warriors 1,Simulation,Xbox,2022,Nintendo,2026.03,128.11,49.95,63,No,Rising
Cyber Quest 5,Fighting,Xbox,2006,Bandai Namco,916.4,175,79.93,95,Yes,Stable
Cyber Quest 5,Action,Xbox,2006,Sony,1279.32,136.46,67.12,53,Yes,Declining
Galaxy Raiders 5,Racing,PlayStation,2016,EA,562.18,145.29,34.65,82,Yes,Rising
Shadow Realms 3,Fighting,Xbox,2012,Square Enix,4814.31,167.68,67.76,86,Yes,Declining
Warzone Chronicles 4,Fighting,Cross-Platform,2001,Nintendo,1152.36,101.03,49.42,78,No,Rising
Battle Warriors 2,Action,PlayStation,2009,Nintendo,976.41,59.11,8.99,63,No,Rising
Neon Speed 2,Adventure,Xbox,2007,EA,2981.81,195.32,68.2,81,Yes,Stable
Galaxy Raiders 3,Adventure,Xbox,2024,Activision,2261.09,91.6,35.84,82,No,Stable
Fantasy Rivals 4,Simulation,PlayStation,2016,Capcom,4151.36,146.29,22.45,74,Yes,Rising
Cyber Quest 3,Adventure,Mobile,2024,Rockstar,2476.74,32.49,13.58,83,No,Stable
Zombie Outbreak 1,Sports,PlayStation,2019,Bandai Namco,2016.83,133.66,36.29,67,Yes,Stable
Legends of Valor 2,Shooter,Mobile,2011,Microsoft,2949.81,28.67,11.84,87,No,Stable
Pixel Odyssey 5,Simulation,PlayStation,2021,Ubisoft,1260.2,95.64,16.14,96,Yes,Stable
Neon Speed 4,Adventure,Cross-Platform,2003,Bandai Namco,1867.48,5.52,1.48,78,Yes,Stable
Battle Warriors 4,Adventure,Nintendo Switch,2001,Square Enix,3619.7,101.16,12.32,83,Yes,Stable
Neon Speed 3,Action,Cross-Platform,2014,Capcom,4020.71,179.48,29,64,Yes,Rising
Legends of Valor 1,Simulation,PC,2017,Microsoft,4028.06,163.3,42.91,52,No,Stable
Battle Warriors 3,Racing,Mobile,2006,Sony,1757.6,108.45,49.11,92,No,Rising
Warzone Chronicles 4,Strategy,Mobile,2017,EA,190.89,195.41,62.76,57,No,Rising
Pixel Odyssey 4,Horror,PlayStation,2003,Nintendo,2394.5,54.85,6.29,54,Yes,Stable
Zombie Outbreak 3,Horror,Mobile,2009,Ubisoft,4715.7,58.35,16.15,95,No,Rising
Battle Warriors 3,Shooter,PC,2018,Capcom,3775.64,65.39,7.92,94,Yes,Declining
Warzone Chronicles 3,Strategy,PC,2016,Rockstar,3420.13,195.56,30.72,62,No,Declining
Battle Warriors 1,Shooter,PlayStation,2011,Capcom,3596.9,160.82,53.83,80,No,Declining
Shadow Realms 5,Horror,PlayStation,2019,Capcom,3481.54,181.08,86.01,57,Yes,Rising
Warzone Chronicles 2,Action,PC,2005,Square Enix,4345.05,118.17,27.42,83,Yes,Declining
Battle Warriors 1,Racing,Xbox,2017,Ubisoft,2756.98,186.55,37.02,80,No,Stable
Cyber Quest 1,Shooter,PC,2024,Rockstar,3167.94,11.42,1.46,90,No,Rising
Fantasy Rivals 5,Action,Cross-Platform,2009,Sony,1493.79,110.02,13.36,55,No,Stable
Pixel Odyssey 3,Fighting,Xbox,2006,EA,3275.71,103.57,19.68,53,No,Declining
Zombie Outbreak 3,Horror,Xbox,2023,Ubisoft,1394.85,104.38,38.45,72,Yes,Declining
Fantasy Rivals 4,RPG,PC,2020,Microsoft,3726.84,76.88,23.99,59,Yes,Rising
Pixel Odyssey 3,Horror,Xbox,2009,Sony,3480.21,191.81,73.72,77,Yes,Stable
Pixel Odyssey 2,Strategy,Nintendo Switch,2007,Capcom,3433.86,165.33,81.71,97,Yes,Rising
Warzone Chronicles 1,Fighting,PC,2013,Ubisoft,3062.14,198.37,96.26,53,Yes,Rising
Pixel Odyssey 4,RPG,Xbox,2020,Activision,586.57,112.74,55.68,70,Yes,Declining
Zombie Outbreak 2,RPG,PC,2023,Sony,722.89,122.56,19.87,78,Yes,Stable
Fantasy Rivals 5,RPG,Mobile,2015,Sony,4165.53,185.61,89.83,64,Yes,Declining
Shadow Realms 1,Action,Xbox,2022,Nintendo,1686.06,82.68,38.84,59,No,Declining
Fantasy Rivals 3,Shooter,Nintendo Switch,2002,Sony,558.35,55.21,7.23,91,No,Rising
Zombie Outbreak 3,Fighting,Mobile,2017,Bandai Namco,1096.51,47.55,13.74,81,Yes,Rising
Cyber Quest 4,Action,Nintendo Switch,2021,EA,4785.83,64.4,13.56,70,No,Stable
Legends of Valor 1,Racing,PC,2023,Bandai Namco,1019.66,79.31,37.25,85,Yes,Stable
Legends of Valor 2,Fighting,Xbox,2002,Activision,1277.2,140.89,66.44,96,No,Rising
Battle Warriors 5,Sports,Xbox,2006,Capcom,1179.69,2.92,0.55,92,Yes,Stable
Zombie Outbreak 4,Adventure,Xbox,2024,EA,2684.19,71.91,28.08,74,Yes,Declining
Fantasy Rivals 2,Horror,Xbox,2005,Activision,3657.8,129.92,59.34,91,Yes,Declining
Fantasy Rivals 4,Fighting,PlayStation,2008,Square Enix,2285.06,80.25,28.22,81,No,Stable
Fantasy Rivals 3,Simulation,Mobile,2023,Activision,3419.46,184.71,32.06,66,Yes,Declining
Battle Warriors 1,Strategy,Mobile,2023,Square Enix,185.82,103.63,15.31,89,Yes,Stable
Shadow Realms 4,Shooter,PlayStation,2006,Sony,1624.23,170.71,85.23,52,No,Stable
Galaxy Raiders 4,Action,PlayStation,2016,Sony,3483.83,151.71,66.99,70,No,Declining
Galaxy Raiders 5,Action,Cross-Platform,2006,Ubisoft,4462.72,134.62,39.92,53,No,Rising
Legends of Valor 3,Racing,PC,2007,Sony,1088.51,67.27,23.27,76,Yes,Stable
Zombie Outbreak 5,Simulation,Nintendo Switch,2004,EA,3552.64,6.95,1.2,69,Yes,Stable
Shadow Realms 4,Shooter,PlayStation,2014,Square Enix,3147.41,84.13,39.82,87,Yes,Rising
Zombie Outbreak 1,Racing,Cross-Platform,2021,Capcom,4710.69,180.26,82.58,58,No,Rising
Battle Warriors 3,Sports,Cross-Platform,2023,Capcom,3791.89,122.15,52.22,94,No,Declining
Pixel Odyssey 5,RPG,PC,2010,Nintendo,4139.03,196.82,59.44,83,No,Stable
Shadow Realms 2,Sports,Cross-Platform,2006,Capcom,3650.61,20.34,5.56,97,Yes,Rising
Zombie Outbreak 1,Fighting,Cross-Platform,2004,Nintendo,4513.57,1.05,0.25,74,No,Rising
Neon Speed 3,Horror,Xbox,2016,Nintendo,2966.3,41.4,8.76,70,Yes,Declining
Pixel Odyssey 3,Shooter,Xbox,2001,Square Enix,2396.99,181.12,22.61,59,No,Rising
Galaxy Raiders 2,Strategy,Xbox,2019,Ubisoft,4217.86,17.54,8.26,67,No,Rising
Warzone Chronicles 5,Action,Cross-Platform,2017,Bandai Namco,3958.41,174.44,55.62,59,No,Declining
Pixel Odyssey 1,Strategy,Cross-Platform,2004,Microsoft,4781.95,132.49,49.23,63,Yes,Declining
Neon Speed 5,Action,Nintendo Switch,2011,Square Enix,1023.72,69.22,25.31,59,No,Rising
Fantasy Rivals 3,Simulation,Cross-Platform,2014,Square Enix,3804.17,17.33,5.78,78,No,Rising
Galaxy Raiders 2,Adventure,Mobile,2013,Ubisoft,711.86,106.65,16.52,88,No,Declining
Shadow Realms 4,RPG,Mobile,2019,Capcom,3069.62,131.82,41.48,86,No,Stable
Cyber Quest 1,Sports,Cross-Platform,2015,Activision,155.43,191.67,40.88,100,Yes,Stable
Battle Warriors 3,Action,Mobile,2019,Capcom,1530.8,45.7,18.65,93,No,Rising
Warzone Chronicles 3,Adventure,Xbox,2018,Sony,1441.53,150.33,20.68,57,No,Rising
Cyber Quest 1,Action,Cross-Platform,2010,Rockstar,570.14,170.06,41.5,85,No,Rising
Battle Warriors 4,Adventure,PlayStation,2020,Square Enix,2065.64,78.04,36.6,64,No,Stable
Zombie Outbreak 2,Action,PC,2019,Microsoft,607.53,56.04,8.74,78,No,Stable
Legends of Valor 4,Simulation,Mobile,2012,Nintendo,2970.9,194.55,72.96,94,No,Stable
Pixel Odyssey 4,Racing,Mobile,2004,Microsoft,2679.59,190.78,65.44,55,No,Stable
Warzone Chronicles 5,Shooter,PC,2015,Capcom,3951.15,121.03,25.1,60,No,Stable
Zombie Outbreak 3,Strategy,Mobile,2020,Sony,1951.64,129.91,45.43,74,No,Rising
Battle Warriors 1,Horror,Nintendo Switch,2017,EA,2550.05,169.15,68.2,75,Yes,Declining
Battle Warriors 1,Shooter,Cross-Platform,2006,Rockstar,1262.82,79.69,15.9,99,No,Rising
Battle Warriors 4,Simulation,PlayStation,2016,Capcom,367.94,152.19,28.36,68,Yes,Declining
Legends of Valor 3,RPG,Xbox,2020,Microsoft,2547.81,83.77,22.98,59,Yes,Rising
Galaxy Raiders 4,Sports,Mobile,2015,Ubisoft,2737.73,31.27,13.03,61,Yes,Declining
Galaxy Raiders 1,Simulation,PlayStation,2016,Activision,2835.97,100.73,44.38,64,No,Declining
